row,source_section,date_printed,payee_printed,principal,purpose_printed,amount_printed,amount_value,page,page_cite,note
1,Registration Item 10(a),09/18/2025-09/26/2025,multiple,,General operating expenses and payroll,"$66,044.00",66044.00,8,https://efile.fara.gov/docs/7653-Registration-Statement-20250927-1.pdf#page=8 | https://efile.fara.gov/docs/7653-Exhibit-AB-20250927-1.pdf#page=7,
2,Supplemental Item 15(a) appendix,09/29/2025-09/29/2025,U.S. DOJ FARA UNIT,Israel - Ministry of Foreign Affairs,FARA Registration Fee,$305.00,305.00,15,https://efile.fara.gov/docs/7653-Supplemental-Statement-20260501-1.pdf#page=15,
3,Supplemental Item 15(a) appendix,09/29/2025-09/29/2025,CHEVRON,Israel - Ministry of Foreign Affairs,Travel Gas,$109.44,109.44,15,https://efile.fara.gov/docs/7653-Supplemental-Statement-20260501-1.pdf#page=15,
4,Supplemental Item 15(a) appendix,09/29/2025-09/29/2025,Robert Pursley,Israel - Ministry of Foreign Affairs,Staffing,"$4,750.00",4750.00,15,https://efile.fara.gov/docs/7653-Supplemental-Statement-20260501-1.pdf#page=15,
5,Supplemental Item 15(a) appendix,09/29/2025-09/29/2025,U.S. DOJ FARA UNIT,Israel - Ministry of Foreign Affairs,FARA Registration Fee,$305.00,305.00,15,https://efile.fara.gov/docs/7653-Supplemental-Statement-20260501-1.pdf#page=15,
6,Supplemental Item 15(a) appendix,09/29/2025-09/29/2025,CHEVRON,Israel - Ministry of Foreign Affairs,Travel Gas,$109.44,109.44,15,https://efile.fara.gov/docs/7653-Supplemental-Statement-20260501-1.pdf#page=15,
7,Supplemental Item 15(a) appendix,09/29/2025-09/29/2025,Robert Pursley,Israel - Ministry of Foreign Affairs,Staffing,"$4,750.00",4750.00,15,https://efile.fara.gov/docs/7653-Supplemental-Statement-20260501-1.pdf#page=15,
8,Supplemental Item 15(a) appendix,09/30/2025-09/30/2025,Arco,Israel - Ministry of Foreign Affairs,Travel Gas,$67.90,67.90,15,https://efile.fara.gov/docs/7653-Supplemental-Statement-20260501-1.pdf#page=15,
9,Supplemental Item 15(a) appendix,09/30/2025-09/30/2025,Amazon Marketplace,Israel - Ministry of Foreign Affairs,Office supplies,$64.52,64.52,15,https://efile.fara.gov/docs/7653-Supplemental-Statement-20260501-1.pdf#page=15,
10,Supplemental Item 15(a) appendix,09/30/2025-09/30/2025,EMILY HEMINGWAY,Israel - Ministry of Foreign Affairs,Staffing,"$4,500.00",4500.00,15,https://efile.fara.gov/docs/7653-Supplemental-Statement-20260501-1.pdf#page=15,
11,Supplemental Item 15(a) appendix,09/30/2025-09/30/2025,Arco,Israel - Ministry of Foreign Affairs,Travel Gas,$67.90,67.90,15,https://efile.fara.gov/docs/7653-Supplemental-Statement-20260501-1.pdf#page=15,
12,Supplemental Item 15(a) appendix,09/30/2025-09/30/2025,Amazon Marketplace,Israel - Ministry of Foreign Affairs,Office supplies,$64.52,64.52,15,https://efile.fara.gov/docs/7653-Supplemental-Statement-20260501-1.pdf#page=15,
13,Supplemental Item 15(a) appendix,09/30/2025-09/30/2025,EMILY HEMINGWAY,Israel - Ministry of Foreign Affairs,Staffing,"$4,500.00",4500.00,15,https://efile.fara.gov/docs/7653-Supplemental-Statement-20260501-1.pdf#page=15,
14,Supplemental Item 15(a) appendix,10/01/2025-10/01/2025,BEST BUY,Israel - Ministry of Foreign Affairs,Office suppies,$952.38,952.38,15,https://efile.fara.gov/docs/7653-Supplemental-Statement-20260501-1.pdf#page=15,
15,Supplemental Item 15(a) appendix,10/01/2025-10/01/2025,BEST BUY,Israel - Ministry of Foreign Affairs,Office suppies,$952.38,952.38,15,https://efile.fara.gov/docs/7653-Supplemental-Statement-20260501-1.pdf#page=15,
16,Supplemental Item 15(a) appendix,10/02/2025-10/02/2025,HOWROYD ENTERPRISES,Israel - Ministry of Foreign Affairs,Office Rent,"$5,967.50",5967.50,15,https://efile.fara.gov/docs/7653-Supplemental-Statement-20260501-1.pdf#page=15,
17,Supplemental Item 15(a) appendix,10/02/2025-10/02/2025,HOWROYD ENTERPRISES,Israel - Ministry of Foreign Affairs,Office Rent,"$5,967.50",5967.50,15,https://efile.fara.gov/docs/7653-Supplemental-Statement-20260501-1.pdf#page=15,
18,Supplemental Item 15(a) appendix,10/03/2025-10/03/2025,THE MISSION INN,Israel - Ministry of Foreign Affairs,Travel lodging,$493.53,493.53,15,https://efile.fara.gov/docs/7653-Supplemental-Statement-20260501-1.pdf#page=15,
19,Supplemental Item 15(a) appendix,10/03/2025-10/03/2025,THE MISSION INN,Israel - Ministry of Foreign Affairs,Travel lodging,$493.53,493.53,15,https://efile.fara.gov/docs/7653-Supplemental-Statement-20260501-1.pdf#page=15,
20,Supplemental Item 15(a) appendix,10/06/2025-10/06/2025,GRAYSTONE,Israel - Ministry of Foreign Affairs,Equipment Purchase,"$15,000.00",15000.00,15,https://efile.fara.gov/docs/7653-Supplemental-Statement-20260501-1.pdf#page=15,
21,Supplemental Item 15(a) appendix,10/06/2025-10/06/2025,WalMart,Israel - Ministry of Foreign Affairs,Office supplies,$458.28,458.28,15,https://efile.fara.gov/docs/7653-Supplemental-Statement-20260501-1.pdf#page=15,
22,Supplemental Item 15(a) appendix,10/06/2025-10/06/2025,GRAYSTONE,Israel - Ministry of Foreign Affairs,Equipment Purchase,"$15,000.00",15000.00,15,https://efile.fara.gov/docs/7653-Supplemental-Statement-20260501-1.pdf#page=15,
23,Supplemental Item 15(a) appendix,10/06/2025-10/06/2025,WalMart,Israel - Ministry of Foreign Affairs,Office supplies,$458.28,458.28,15,https://efile.fara.gov/docs/7653-Supplemental-Statement-20260501-1.pdf#page=15,
24,Supplemental Item 15(a) appendix,10/06/2025-10/06/2025,Anchos Southwest Grill,Israel - Ministry of Foreign Affairs,Meal expense/ staff recruitment,$328.98,328.98,15,https://efile.fara.gov/docs/7653-Supplemental-Statement-20260501-1.pdf#page=15,
25,Supplemental Item 15(a) appendix,10/06/2025-10/06/2025,Amazon.com,Israel - Ministry of Foreign Affairs,Office supplies,$193.92,193.92,15,https://efile.fara.gov/docs/7653-Supplemental-Statement-20260501-1.pdf#page=15,
26,Supplemental Item 15(a) appendix,10/06/2025-10/06/2025,Amazon.com,Israel - Ministry of Foreign Affairs,Office supplies,$129.28,129.28,15,https://efile.fara.gov/docs/7653-Supplemental-Statement-20260501-1.pdf#page=15,
27,Supplemental Item 15(a) appendix,10/06/2025-10/06/2025,Amazon.com,Israel - Ministry of Foreign Affairs,Office supplies,$129.28,129.28,15,https://efile.fara.gov/docs/7653-Supplemental-Statement-20260501-1.pdf#page=15,
28,Supplemental Item 15(a) appendix,10/06/2025-10/06/2025,Anchos Southwest Grill,Israel - Ministry of Foreign Affairs,Meal expense/ staff recruitment,$328.98,328.98,15,https://efile.fara.gov/docs/7653-Supplemental-Statement-20260501-1.pdf#page=15,
29,Supplemental Item 15(a) appendix,10/06/2025-10/06/2025,Amazon.com,Israel - Ministry of Foreign Affairs,Office supplies,$193.92,193.92,15,https://efile.fara.gov/docs/7653-Supplemental-Statement-20260501-1.pdf#page=15,
30,Supplemental Item 15(a) appendix,10/07/2025-10/07/2025,HOWROYD ENTERPRISES,Israel - Ministry of Foreign Affairs,Office rent,"$5,967.50",5967.50,15,https://efile.fara.gov/docs/7653-Supplemental-Statement-20260501-1.pdf#page=15,
31,Supplemental Item 15(a) appendix,10/07/2025-10/07/2025,THE MISSION INN,Israel - Ministry of Foreign Affairs,Travel lodging,$581.82,581.82,16,https://efile.fara.gov/docs/7653-Supplemental-Statement-20260501-1.pdf#page=16,
32,Supplemental Item 15(a) appendix,10/07/2025-10/07/2025,HOWROYD ENTERPRISES,Israel - Ministry of Foreign Affairs,Office rent,"$5,967.50",5967.50,16,https://efile.fara.gov/docs/7653-Supplemental-Statement-20260501-1.pdf#page=16,
33,Supplemental Item 15(a) appendix,10/07/2025-10/07/2025,THE MISSION INN,Israel - Ministry of Foreign Affairs,Travel lodging,$581.82,581.82,16,https://efile.fara.gov/docs/7653-Supplemental-Statement-20260501-1.pdf#page=16,
34,Supplemental Item 15(a) appendix,10/08/2025-10/08/2025,Griggs Home Service,Israel - Ministry of Foreign Affairs,Trailer Purchase,"$11,000.00",11000.00,16,https://efile.fara.gov/docs/7653-Supplemental-Statement-20260501-1.pdf#page=16,
35,Supplemental Item 15(a) appendix,10/08/2025-10/08/2025,Griggs Home Service,Israel - Ministry of Foreign Affairs,Trailer Purchase,"$11,000.00",11000.00,16,https://efile.fara.gov/docs/7653-Supplemental-Statement-20260501-1.pdf#page=16,
36,Supplemental Item 15(a) appendix,10/10/2025-10/10/2025,Squarespace,Israel - Ministry of Foreign Affairs,Marketing subscription,$207.00,207.00,16,https://efile.fara.gov/docs/7653-Supplemental-Statement-20260501-1.pdf#page=16,
37,Supplemental Item 15(a) appendix,10/10/2025-10/10/2025,Graystone Public Affairs,Israel - Ministry of Foreign Affairs,Staffing,"$25,000.00",25000.00,16,https://efile.fara.gov/docs/7653-Supplemental-Statement-20260501-1.pdf#page=16,
38,Supplemental Item 15(a) appendix,10/10/2025-10/10/2025,Squarespace,Israel - Ministry of Foreign Affairs,Marketing subscription,$207.00,207.00,16,https://efile.fara.gov/docs/7653-Supplemental-Statement-20260501-1.pdf#page=16,
39,Supplemental Item 15(a) appendix,10/10/2025-10/10/2025,Graystone Public Affairs,Israel - Ministry of Foreign Affairs,Staffing,"$25,000.00",25000.00,16,https://efile.fara.gov/docs/7653-Supplemental-Statement-20260501-1.pdf#page=16,
40,Supplemental Item 15(a) appendix,10/14/2025-10/14/2025,Dhillon Law Group,Israel - Ministry of Foreign Affairs,Legal Services,"$3,450.00",3450.00,16,https://efile.fara.gov/docs/7653-Supplemental-Statement-20260501-1.pdf#page=16,
41,Supplemental Item 15(a) appendix,10/14/2025-10/14/2025,[individual payee; name not reproduced],Israel - Ministry of Foreign Affairs,Staffing,"$3,500.00",3500.00,16,https://efile.fara.gov/docs/7653-Supplemental-Statement-20260501-1.pdf#page=16,
42,Supplemental Item 15(a) appendix,10/14/2025-10/14/2025,CHOICE FINANCIAL,Israel - Ministry of Foreign Affairs,Staffing/ payroll,"$12,000.00",12000.00,16,https://efile.fara.gov/docs/7653-Supplemental-Statement-20260501-1.pdf#page=16,
43,Supplemental Item 15(a) appendix,10/14/2025-10/14/2025,Bank of America,Israel - Ministry of Foreign Affairs,Debt Repayment,"$15,000.00",15000.00,16,https://efile.fara.gov/docs/7653-Supplemental-Statement-20260501-1.pdf#page=16,
44,Supplemental Item 15(a) appendix,10/14/2025-10/14/2025,Dhillon Law Group,Israel - Ministry of Foreign Affairs,Legal Services,"$3,450.00",3450.00,16,https://efile.fara.gov/docs/7653-Supplemental-Statement-20260501-1.pdf#page=16,
45,Supplemental Item 15(a) appendix,10/14/2025-10/14/2025,[individual payee; name not reproduced],Israel - Ministry of Foreign Affairs,Staffing,"$3,500.00",3500.00,16,https://efile.fara.gov/docs/7653-Supplemental-Statement-20260501-1.pdf#page=16,
46,Supplemental Item 15(a) appendix,10/14/2025-10/14/2025,CHOICE FINANCIAL,Israel - Ministry of Foreign Affairs,Staffing/ payroll,"$12,000.00",12000.00,16,https://efile.fara.gov/docs/7653-Supplemental-Statement-20260501-1.pdf#page=16,
47,Supplemental Item 15(a) appendix,10/14/2025-10/14/2025,Bank of America,Israel - Ministry of Foreign Affairs,Debt Repayment,"$15,000.00",15000.00,16,https://efile.fara.gov/docs/7653-Supplemental-Statement-20260501-1.pdf#page=16,
48,Supplemental Item 15(a) appendix,10/15/2025-10/15/2025,Arco,Israel - Ministry of Foreign Affairs,Travel gas,$33.27,33.27,16,https://efile.fara.gov/docs/7653-Supplemental-Statement-20260501-1.pdf#page=16,
49,Supplemental Item 15(a) appendix,10/15/2025-10/15/2025,Arco,Israel - Ministry of Foreign Affairs,Travel gas,$115.76,115.76,16,https://efile.fara.gov/docs/7653-Supplemental-Statement-20260501-1.pdf#page=16,
50,Supplemental Item 15(a) appendix,10/15/2025-10/15/2025,US Bank,Israel - Ministry of Foreign Affairs,Bank Fees,$138.00,138.00,16,https://efile.fara.gov/docs/7653-Supplemental-Statement-20260501-1.pdf#page=16,
51,Supplemental Item 15(a) appendix,10/15/2025-10/15/2025,GRAND TERRACCA,Israel - Ministry of Foreign Affairs,Equipment Purchase,$292.48,292.48,16,https://efile.fara.gov/docs/7653-Supplemental-Statement-20260501-1.pdf#page=16,
52,Supplemental Item 15(a) appendix,10/15/2025-10/15/2025,Home Depot,Israel - Ministry of Foreign Affairs,Office supplies,$325.85,325.85,16,https://efile.fara.gov/docs/7653-Supplemental-Statement-20260501-1.pdf#page=16,
53,Supplemental Item 15(a) appendix,10/15/2025-10/15/2025,Home Depot,Israel - Ministry of Foreign Affairs,Office supplies,$404.09,404.09,16,https://efile.fara.gov/docs/7653-Supplemental-Statement-20260501-1.pdf#page=16,
54,Supplemental Item 15(a) appendix,10/15/2025-10/15/2025,Arco,Israel - Ministry of Foreign Affairs,Travel gas,$33.27,33.27,16,https://efile.fara.gov/docs/7653-Supplemental-Statement-20260501-1.pdf#page=16,
55,Supplemental Item 15(a) appendix,10/15/2025-10/15/2025,Arco,Israel - Ministry of Foreign Affairs,Travel gas,$115.76,115.76,16,https://efile.fara.gov/docs/7653-Supplemental-Statement-20260501-1.pdf#page=16,
56,Supplemental Item 15(a) appendix,10/15/2025-10/15/2025,US Bank,Israel - Ministry of Foreign Affairs,Bank Fees,$138.00,138.00,16,https://efile.fara.gov/docs/7653-Supplemental-Statement-20260501-1.pdf#page=16,
57,Supplemental Item 15(a) appendix,10/15/2025-10/15/2025,GRAND TERRACCA,Israel - Ministry of Foreign Affairs,Equipment Purchase,$292.48,292.48,16,https://efile.fara.gov/docs/7653-Supplemental-Statement-20260501-1.pdf#page=16,
58,Supplemental Item 15(a) appendix,10/15/2025-10/15/2025,Home Depot,Israel - Ministry of Foreign Affairs,Office supplies,$325.85,325.85,16,https://efile.fara.gov/docs/7653-Supplemental-Statement-20260501-1.pdf#page=16,
59,Supplemental Item 15(a) appendix,10/15/2025-10/15/2025,Home Depot,Israel - Ministry of Foreign Affairs,Office supplies,$404.09,404.09,16,https://efile.fara.gov/docs/7653-Supplemental-Statement-20260501-1.pdf#page=16,
60,Supplemental Item 15(a) appendix,10/16/2025-10/16/2025,Amazon Marketplace,Israel - Ministry of Foreign Affairs,Office supplies,$230.53,230.53,16,https://efile.fara.gov/docs/7653-Supplemental-Statement-20260501-1.pdf#page=16,
61,Supplemental Item 15(a) appendix,10/16/2025-10/16/2025,Amazon Marketplace,Israel - Ministry of Foreign Affairs,Office supplies,$469.62,469.62,16,https://efile.fara.gov/docs/7653-Supplemental-Statement-20260501-1.pdf#page=16,
62,Supplemental Item 15(a) appendix,10/16/2025-10/16/2025,Werner Fabrication,Israel - Ministry of Foreign Affairs,Equipment vehicle storage and repairs,"$7,354.00",7354.00,16,https://efile.fara.gov/docs/7653-Supplemental-Statement-20260501-1.pdf#page=16,
63,Supplemental Item 15(a) appendix,10/16/2025-10/16/2025,Werner Fabrication,Israel - Ministry of Foreign Affairs,Equipment vehicle storage and repairs,"$7,354.00",7354.00,16,https://efile.fara.gov/docs/7653-Supplemental-Statement-20260501-1.pdf#page=16,
64,Supplemental Item 15(a) appendix,10/16/2025-10/16/2025,Expedia,Israel - Ministry of Foreign Affairs,Travel flight,$227.36,227.36,17,https://efile.fara.gov/docs/7653-Supplemental-Statement-20260501-1.pdf#page=17,
65,Supplemental Item 15(a) appendix,10/16/2025-10/16/2025,Amazon Marketplace,Israel - Ministry of Foreign Affairs,Office supplies,$230.53,230.53,17,https://efile.fara.gov/docs/7653-Supplemental-Statement-20260501-1.pdf#page=17,
66,Supplemental Item 15(a) appendix,10/16/2025-10/16/2025,Amazon Marketplace,Israel - Ministry of Foreign Affairs,Office supplies,$469.62,469.62,17,https://efile.fara.gov/docs/7653-Supplemental-Statement-20260501-1.pdf#page=17,
67,Supplemental Item 15(a) appendix,10/16/2025-10/16/2025,Expedia,Israel - Ministry of Foreign Affairs,Travel flight,$227.36,227.36,17,https://efile.fara.gov/docs/7653-Supplemental-Statement-20260501-1.pdf#page=17,
68,Supplemental Item 15(a) appendix,10/17/2025-10/17/2025,American Airlines,Israel - Ministry of Foreign Affairs,Travel flight,$768.36,768.36,17,https://efile.fara.gov/docs/7653-Supplemental-Statement-20260501-1.pdf#page=17,
69,Supplemental Item 15(a) appendix,10/17/2025-10/17/2025,Best Buy,Israel - Ministry of Foreign Affairs,Office supplies/ equipment,"$1,230.18",1230.18,17,https://efile.fara.gov/docs/7653-Supplemental-Statement-20260501-1.pdf#page=17,
70,Supplemental Item 15(a) appendix,10/17/2025-10/17/2025,Expedia,Israel - Ministry of Foreign Affairs,Travel flight,"$1,400.25",1400.25,17,https://efile.fara.gov/docs/7653-Supplemental-Statement-20260501-1.pdf#page=17,
71,Supplemental Item 15(a) appendix,10/17/2025-10/17/2025,American Airlines,Israel - Ministry of Foreign Affairs,Travel flight,$768.36,768.36,17,https://efile.fara.gov/docs/7653-Supplemental-Statement-20260501-1.pdf#page=17,
72,Supplemental Item 15(a) appendix,10/17/2025-10/17/2025,Best Buy,Israel - Ministry of Foreign Affairs,Office supplies/ equipment,"$1,230.18",1230.18,17,https://efile.fara.gov/docs/7653-Supplemental-Statement-20260501-1.pdf#page=17,
73,Supplemental Item 15(a) appendix,10/17/2025-10/17/2025,Expedia,Israel - Ministry of Foreign Affairs,Travel flight,"$1,400.25",1400.25,17,https://efile.fara.gov/docs/7653-Supplemental-Statement-20260501-1.pdf#page=17,
74,Supplemental Item 15(a) appendix,10/20/2025-10/20/2025,LANDMARK II,Israel - Ministry of Foreign Affairs,Travel parking,$28.00,28.00,17,https://efile.fara.gov/docs/7653-Supplemental-Statement-20260501-1.pdf#page=17,
75,Supplemental Item 15(a) appendix,10/20/2025-10/20/2025,Diamond Parking,Israel - Ministry of Foreign Affairs,Travel parking,$62.55,62.55,17,https://efile.fara.gov/docs/7653-Supplemental-Statement-20260501-1.pdf#page=17,
76,Supplemental Item 15(a) appendix,10/20/2025-10/20/2025,Arco,Israel - Ministry of Foreign Affairs,Travel gas,$156.34,156.34,17,https://efile.fara.gov/docs/7653-Supplemental-Statement-20260501-1.pdf#page=17,
77,Supplemental Item 15(a) appendix,10/20/2025-10/20/2025,Comfort Inn,Israel - Ministry of Foreign Affairs,Travel lodging,$11.80,11.80,17,https://efile.fara.gov/docs/7653-Supplemental-Statement-20260501-1.pdf#page=17,
78,Supplemental Item 15(a) appendix,10/20/2025-10/20/2025,LANDMARK II,Israel - Ministry of Foreign Affairs,Travel parking,$28.00,28.00,17,https://efile.fara.gov/docs/7653-Supplemental-Statement-20260501-1.pdf#page=17,
79,Supplemental Item 15(a) appendix,10/20/2025-10/20/2025,Diamond Parking,Israel - Ministry of Foreign Affairs,Travel parking,$62.55,62.55,17,https://efile.fara.gov/docs/7653-Supplemental-Statement-20260501-1.pdf#page=17,
80,Supplemental Item 15(a) appendix,10/20/2025-10/20/2025,Arco,Israel - Ministry of Foreign Affairs,Travel gas,$156.34,156.34,17,https://efile.fara.gov/docs/7653-Supplemental-Statement-20260501-1.pdf#page=17,
81,Supplemental Item 15(a) appendix,10/20/2025-10/20/2025,Comfort Inn,Israel - Ministry of Foreign Affairs,Travel lodging,$11.80,11.80,17,https://efile.fara.gov/docs/7653-Supplemental-Statement-20260501-1.pdf#page=17,
82,Supplemental Item 15(a) appendix,10/21/2025-10/21/2025,HARBOR FREIGHT,Israel - Ministry of Foreign Affairs,Equipment & supplies,$211.45,211.45,17,https://efile.fara.gov/docs/7653-Supplemental-Statement-20260501-1.pdf#page=17,
83,Supplemental Item 15(a) appendix,10/21/2025-10/21/2025,O'REILLY,Israel - Ministry of Foreign Affairs,Trailer equipment,"$1,556.86",1556.86,17,https://efile.fara.gov/docs/7653-Supplemental-Statement-20260501-1.pdf#page=17,
84,Supplemental Item 15(a) appendix,10/21/2025-10/21/2025,HARBOR FREIGHT,Israel - Ministry of Foreign Affairs,Equipment & supplies,$211.45,211.45,17,https://efile.fara.gov/docs/7653-Supplemental-Statement-20260501-1.pdf#page=17,
85,Supplemental Item 15(a) appendix,10/21/2025-10/21/2025,O'REILLY,Israel - Ministry of Foreign Affairs,Trailer equipment,"$1,556.86",1556.86,17,https://efile.fara.gov/docs/7653-Supplemental-Statement-20260501-1.pdf#page=17,
86,Supplemental Item 15(a) appendix,10/22/2025-10/22/2025,Right Rate,Israel - Ministry of Foreign Affairs,Insurance,$135.00,135.00,17,https://efile.fara.gov/docs/7653-Supplemental-Statement-20260501-1.pdf#page=17,
87,Supplemental Item 15(a) appendix,10/22/2025-10/22/2025,Emily Hemingway,Israel - Ministry of Foreign Affairs,Staffing,"$2,250.00",2250.00,17,https://efile.fara.gov/docs/7653-Supplemental-Statement-20260501-1.pdf#page=17,
88,Supplemental Item 15(a) appendix,10/22/2025-10/22/2025,WT2C,Israel - Ministry of Foreign Affairs,Staffing/ payroll,"$2,861.24",2861.24,17,https://efile.fara.gov/docs/7653-Supplemental-Statement-20260501-1.pdf#page=17,
89,Supplemental Item 15(a) appendix,10/22/2025-10/22/2025,Tuong Do,Israel - Ministry of Foreign Affairs,Staffing,"$4,500.00",4500.00,17,https://efile.fara.gov/docs/7653-Supplemental-Statement-20260501-1.pdf#page=17,
90,Supplemental Item 15(a) appendix,10/22/2025-10/22/2025,WT2C,Israel - Ministry of Foreign Affairs,Staffing/ payroll,"$21,862.70",21862.70,17,https://efile.fara.gov/docs/7653-Supplemental-Statement-20260501-1.pdf#page=17,
91,Supplemental Item 15(a) appendix,10/22/2025-10/22/2025,Right Rate,Israel - Ministry of Foreign Affairs,Insurance,$135.00,135.00,17,https://efile.fara.gov/docs/7653-Supplemental-Statement-20260501-1.pdf#page=17,
92,Supplemental Item 15(a) appendix,10/22/2025-10/22/2025,Emily Hemingway,Israel - Ministry of Foreign Affairs,Staffing,"$2,250.00",2250.00,17,https://efile.fara.gov/docs/7653-Supplemental-Statement-20260501-1.pdf#page=17,
93,Supplemental Item 15(a) appendix,10/22/2025-10/22/2025,WT2C,Israel - Ministry of Foreign Affairs,Staffing/ payroll,"$2,861.24",2861.24,17,https://efile.fara.gov/docs/7653-Supplemental-Statement-20260501-1.pdf#page=17,
94,Supplemental Item 15(a) appendix,10/22/2025-10/22/2025,Tuong Do,Israel - Ministry of Foreign Affairs,Staffing,"$4,500.00",4500.00,17,https://efile.fara.gov/docs/7653-Supplemental-Statement-20260501-1.pdf#page=17,
95,Supplemental Item 15(a) appendix,10/22/2025-10/22/2025,WT2C,Israel - Ministry of Foreign Affairs,Staffing/ payroll,"$21,862.70",21862.70,17,https://efile.fara.gov/docs/7653-Supplemental-Statement-20260501-1.pdf#page=17,
96,Supplemental Item 15(a) appendix,10/23/2025-10/23/2025,Amazon,Israel - Ministry of Foreign Affairs,Office supplies,$57.06,57.06,17,https://efile.fara.gov/docs/7653-Supplemental-Statement-20260501-1.pdf#page=17,
97,Supplemental Item 15(a) appendix,10/23/2025-10/23/2025,Oak Valley,Israel - Ministry of Foreign Affairs,Travel gas,$74.99,74.99,17,https://efile.fara.gov/docs/7653-Supplemental-Statement-20260501-1.pdf#page=17,
98,Supplemental Item 15(a) appendix,10/23/2025-10/23/2025,Amazon,Israel - Ministry of Foreign Affairs,Office supplies,$57.06,57.06,18,https://efile.fara.gov/docs/7653-Supplemental-Statement-20260501-1.pdf#page=18,
99,Supplemental Item 15(a) appendix,10/23/2025-10/23/2025,Oak Valley,Israel - Ministry of Foreign Affairs,Travel gas,$74.99,74.99,18,https://efile.fara.gov/docs/7653-Supplemental-Statement-20260501-1.pdf#page=18,
100,Supplemental Item 15(a) appendix,10/24/2025-10/24/2025,WWW.CUFI.ORG,Israel - Ministry of Foreign Affairs,Office decor,$14.00,14.00,18,https://efile.fara.gov/docs/7653-Supplemental-Statement-20260501-1.pdf#page=18,
101,Supplemental Item 15(a) appendix,10/24/2025-10/24/2025,WWW.CUFI.ORG,Israel - Ministry of Foreign Affairs,Office decor,$14.00,14.00,18,https://efile.fara.gov/docs/7653-Supplemental-Statement-20260501-1.pdf#page=18,
102,Supplemental Item 15(a) appendix,10/27/2025-10/27/2025,INFINITY,Israel - Ministry of Foreign Affairs,Insurance,$281.45,281.45,18,https://efile.fara.gov/docs/7653-Supplemental-Statement-20260501-1.pdf#page=18,
103,Supplemental Item 15(a) appendix,10/27/2025-10/27/2025,Honest RV,Israel - Ministry of Foreign Affairs,Trailer equipment,$420.00,420.00,18,https://efile.fara.gov/docs/7653-Supplemental-Statement-20260501-1.pdf#page=18,
104,Supplemental Item 15(a) appendix,10/27/2025-10/27/2025,[individual payee; name not reproduced],Israel - Ministry of Foreign Affairs,Trailer labor,"$2,018.48",2018.48,18,https://efile.fara.gov/docs/7653-Supplemental-Statement-20260501-1.pdf#page=18,
105,Supplemental Item 15(a) appendix,10/27/2025-10/27/2025,INFINITY,Israel - Ministry of Foreign Affairs,Insurance,$281.45,281.45,18,https://efile.fara.gov/docs/7653-Supplemental-Statement-20260501-1.pdf#page=18,
106,Supplemental Item 15(a) appendix,10/27/2025-10/27/2025,Honest RV,Israel - Ministry of Foreign Affairs,Trailer equipment,$420.00,420.00,18,https://efile.fara.gov/docs/7653-Supplemental-Statement-20260501-1.pdf#page=18,
107,Supplemental Item 15(a) appendix,10/27/2025-10/27/2025,[individual payee; name not reproduced],Israel - Ministry of Foreign Affairs,Trailer labor,"$2,018.48",2018.48,18,https://efile.fara.gov/docs/7653-Supplemental-Statement-20260501-1.pdf#page=18,
108,Supplemental Item 15(a) appendix,10/28/2025-10/28/2025,U.S. Bank,Israel - Ministry of Foreign Affairs,Bank fee,$1.58,1.58,18,https://efile.fara.gov/docs/7653-Supplemental-Statement-20260501-1.pdf#page=18,
109,Supplemental Item 15(a) appendix,10/28/2025-10/28/2025,USEFULCHARTS,Israel - Ministry of Foreign Affairs,Educational materials,$52.99,52.99,18,https://efile.fara.gov/docs/7653-Supplemental-Statement-20260501-1.pdf#page=18,
110,Supplemental Item 15(a) appendix,10/28/2025-10/28/2025,NYC TAXI,Israel - Ministry of Foreign Affairs,Travel transportation,$64.45,64.45,18,https://efile.fara.gov/docs/7653-Supplemental-Statement-20260501-1.pdf#page=18,
111,Supplemental Item 15(a) appendix,10/28/2025-10/28/2025,BYRNA TECHNOLOGIES,Israel - Ministry of Foreign Affairs,Security,$355.56,355.56,18,https://efile.fara.gov/docs/7653-Supplemental-Statement-20260501-1.pdf#page=18,
112,Supplemental Item 15(a) appendix,10/28/2025-10/28/2025,U.S. Bank,Israel - Ministry of Foreign Affairs,Bank fee,$1.58,1.58,18,https://efile.fara.gov/docs/7653-Supplemental-Statement-20260501-1.pdf#page=18,
113,Supplemental Item 15(a) appendix,10/28/2025-10/28/2025,USEFULCHARTS,Israel - Ministry of Foreign Affairs,Educational materials,$52.99,52.99,18,https://efile.fara.gov/docs/7653-Supplemental-Statement-20260501-1.pdf#page=18,
114,Supplemental Item 15(a) appendix,10/28/2025-10/28/2025,NYC TAXI,Israel - Ministry of Foreign Affairs,Travel transportation,$64.45,64.45,18,https://efile.fara.gov/docs/7653-Supplemental-Statement-20260501-1.pdf#page=18,
115,Supplemental Item 15(a) appendix,10/28/2025-10/28/2025,BYRNA TECHNOLOGIES,Israel - Ministry of Foreign Affairs,Security,$355.56,355.56,18,https://efile.fara.gov/docs/7653-Supplemental-Statement-20260501-1.pdf#page=18,
116,Supplemental Item 15(a) appendix,10/29/2025-10/29/2025,U.S. Bank,Israel - Ministry of Foreign Affairs,Bank fee,$1.01,1.01,18,https://efile.fara.gov/docs/7653-Supplemental-Statement-20260501-1.pdf#page=18,
117,Supplemental Item 15(a) appendix,10/29/2025-10/29/2025,Useful Charts,Israel - Ministry of Foreign Affairs,Educational materials,$33.99,33.99,18,https://efile.fara.gov/docs/7653-Supplemental-Statement-20260501-1.pdf#page=18,
118,Supplemental Item 15(a) appendix,10/29/2025-10/29/2025,Amazon Marketplace,Israel - Ministry of Foreign Affairs,Office recording equipment,$531.79,531.79,18,https://efile.fara.gov/docs/7653-Supplemental-Statement-20260501-1.pdf#page=18,
119,Supplemental Item 15(a) appendix,10/29/2025-10/29/2025,Amazon Marketplace,Israel - Ministry of Foreign Affairs,Office recording equipment,$617.21,617.21,18,https://efile.fara.gov/docs/7653-Supplemental-Statement-20260501-1.pdf#page=18,
120,Supplemental Item 15(a) appendix,10/29/2025-10/29/2025,Amazon Marketplace,Israel - Ministry of Foreign Affairs,Office recording equipment,$668.51,668.51,18,https://efile.fara.gov/docs/7653-Supplemental-Statement-20260501-1.pdf#page=18,
121,Supplemental Item 15(a) appendix,10/29/2025-10/29/2025,U.S. Bank,Israel - Ministry of Foreign Affairs,Bank fee,$1.01,1.01,18,https://efile.fara.gov/docs/7653-Supplemental-Statement-20260501-1.pdf#page=18,
122,Supplemental Item 15(a) appendix,10/29/2025-10/29/2025,Useful Charts,Israel - Ministry of Foreign Affairs,Educational materials,$33.99,33.99,18,https://efile.fara.gov/docs/7653-Supplemental-Statement-20260501-1.pdf#page=18,
123,Supplemental Item 15(a) appendix,10/29/2025-10/29/2025,Amazon Marketplace,Israel - Ministry of Foreign Affairs,Office recording equipment,$531.79,531.79,18,https://efile.fara.gov/docs/7653-Supplemental-Statement-20260501-1.pdf#page=18,
124,Supplemental Item 15(a) appendix,10/29/2025-10/29/2025,Amazon Marketplace,Israel - Ministry of Foreign Affairs,Office recording equipment,$617.21,617.21,18,https://efile.fara.gov/docs/7653-Supplemental-Statement-20260501-1.pdf#page=18,
125,Supplemental Item 15(a) appendix,10/29/2025-10/29/2025,Amazon Marketplace,Israel - Ministry of Foreign Affairs,Office recording equipment,$668.51,668.51,18,https://efile.fara.gov/docs/7653-Supplemental-Statement-20260501-1.pdf#page=18,
126,Supplemental Item 15(a) appendix,10/30/2025-10/30/2025,AA WIFI,Israel - Ministry of Foreign Affairs,WiFi service,$22.00,22.00,18,https://efile.fara.gov/docs/7653-Supplemental-Statement-20260501-1.pdf#page=18,
127,Supplemental Item 15(a) appendix,10/30/2025-10/30/2025,VISTAPRINT,Israel - Ministry of Foreign Affairs,Custom items,$35.75,35.75,18,https://efile.fara.gov/docs/7653-Supplemental-Statement-20260501-1.pdf#page=18,
128,Supplemental Item 15(a) appendix,10/30/2025-10/30/2025,Big Time Design,Israel - Ministry of Foreign Affairs,Shirt printing,$323.25,323.25,18,https://efile.fara.gov/docs/7653-Supplemental-Statement-20260501-1.pdf#page=18,
129,Supplemental Item 15(a) appendix,10/30/2025-10/30/2025,[individual payee; name not reproduced],Israel - Ministry of Foreign Affairs,Contractor,$599.00,599.00,18,https://efile.fara.gov/docs/7653-Supplemental-Statement-20260501-1.pdf#page=18,
130,Supplemental Item 15(a) appendix,10/30/2025-10/30/2025,[individual payee; name not reproduced],Israel - Ministry of Foreign Affairs,Accounting Services,"$2,000.00",2000.00,18,https://efile.fara.gov/docs/7653-Supplemental-Statement-20260501-1.pdf#page=18,
131,Supplemental Item 15(a) appendix,10/30/2025-10/30/2025,Amazon Marketplace,Israel - Ministry of Foreign Affairs,Office,"$3,010.16",3010.16,18,https://efile.fara.gov/docs/7653-Supplemental-Statement-20260501-1.pdf#page=18,
132,Supplemental Item 15(a) appendix,10/30/2025-10/30/2025,WT27,Israel - Ministry of Foreign Affairs,Staffing/payroll,"$33,650.70",33650.70,19,https://efile.fara.gov/docs/7653-Supplemental-Statement-20260501-1.pdf#page=19,
133,Supplemental Item 15(a) appendix,10/30/2025-10/30/2025,AA WIFI,Israel - Ministry of Foreign Affairs,WiFi service,$22.00,22.00,19,https://efile.fara.gov/docs/7653-Supplemental-Statement-20260501-1.pdf#page=19,
134,Supplemental Item 15(a) appendix,10/30/2025-10/30/2025,VISTAPRINT,Israel - Ministry of Foreign Affairs,Custom items,$35.75,35.75,19,https://efile.fara.gov/docs/7653-Supplemental-Statement-20260501-1.pdf#page=19,
135,Supplemental Item 15(a) appendix,10/30/2025-10/30/2025,Big Time Design,Israel - Ministry of Foreign Affairs,Shirt printing,$323.25,323.25,19,https://efile.fara.gov/docs/7653-Supplemental-Statement-20260501-1.pdf#page=19,
136,Supplemental Item 15(a) appendix,10/30/2025-10/30/2025,[individual payee; name not reproduced],Israel - Ministry of Foreign Affairs,Contractor,$599.00,599.00,19,https://efile.fara.gov/docs/7653-Supplemental-Statement-20260501-1.pdf#page=19,
137,Supplemental Item 15(a) appendix,10/30/2025-10/30/2025,[individual payee; name not reproduced],Israel - Ministry of Foreign Affairs,Accounting Services,"$2,000.00",2000.00,19,https://efile.fara.gov/docs/7653-Supplemental-Statement-20260501-1.pdf#page=19,
138,Supplemental Item 15(a) appendix,10/30/2025-10/30/2025,Amazon Marketplace,Israel - Ministry of Foreign Affairs,Office,"$3,010.16",3010.16,19,https://efile.fara.gov/docs/7653-Supplemental-Statement-20260501-1.pdf#page=19,
139,Supplemental Item 15(a) appendix,10/30/2025-10/30/2025,WT27,Israel - Ministry of Foreign Affairs,Staffing/payroll,"$33,650.70",33650.70,19,https://efile.fara.gov/docs/7653-Supplemental-Statement-20260501-1.pdf#page=19,
140,Supplemental Item 15(a) appendix,10/31/2025-10/31/2025,ONT AIRPT,Israel - Ministry of Foreign Affairs,Travel parking fee,$120.00,120.00,19,https://efile.fara.gov/docs/7653-Supplemental-Statement-20260501-1.pdf#page=19,
141,Supplemental Item 15(a) appendix,10/31/2025-10/31/2025,[individual payee; name not reproduced],Israel - Ministry of Foreign Affairs,Contractor,"$2,500.00",2500.00,19,https://efile.fara.gov/docs/7653-Supplemental-Statement-20260501-1.pdf#page=19,
142,Supplemental Item 15(a) appendix,10/31/2025-10/31/2025,LOGIQ,Israel - Ministry of Foreign Affairs,Office recording equipment,"$3,036.84",3036.84,19,https://efile.fara.gov/docs/7653-Supplemental-Statement-20260501-1.pdf#page=19,
143,Supplemental Item 15(a) appendix,10/31/2025-10/31/2025,Tye McClain,Israel - Ministry of Foreign Affairs,Staffing,"$7,500.00",7500.00,19,https://efile.fara.gov/docs/7653-Supplemental-Statement-20260501-1.pdf#page=19,
144,Supplemental Item 15(a) appendix,10/31/2025-10/31/2025,ONT AIRPT,Israel - Ministry of Foreign Affairs,Travel parking fee,$120.00,120.00,19,https://efile.fara.gov/docs/7653-Supplemental-Statement-20260501-1.pdf#page=19,
145,Supplemental Item 15(a) appendix,10/31/2025-10/31/2025,[individual payee; name not reproduced],Israel - Ministry of Foreign Affairs,Contractor,"$2,500.00",2500.00,19,https://efile.fara.gov/docs/7653-Supplemental-Statement-20260501-1.pdf#page=19,
146,Supplemental Item 15(a) appendix,10/31/2025-10/31/2025,LOGIQ,Israel - Ministry of Foreign Affairs,Office recording equipment,"$3,036.84",3036.84,19,https://efile.fara.gov/docs/7653-Supplemental-Statement-20260501-1.pdf#page=19,
147,Supplemental Item 15(a) appendix,10/31/2025-10/31/2025,Tye McClain,Israel - Ministry of Foreign Affairs,Staffing,"$7,500.00",7500.00,19,https://efile.fara.gov/docs/7653-Supplemental-Statement-20260501-1.pdf#page=19,
148,Supplemental Item 15(a) appendix,11/03/2025-11/03/2025,Ccw Solutions Group,Israel - Ministry of Foreign Affairs,Office supplies,$55.00,55.00,19,https://efile.fara.gov/docs/7653-Supplemental-Statement-20260501-1.pdf#page=19,
149,Supplemental Item 15(a) appendix,11/03/2025-11/03/2025,Arco,Israel - Ministry of Foreign Affairs,Travel gas,$76.60,76.60,19,https://efile.fara.gov/docs/7653-Supplemental-Statement-20260501-1.pdf#page=19,
150,Supplemental Item 15(a) appendix,11/03/2025-11/03/2025,Ccw Solutions Group,Israel - Ministry of Foreign Affairs,Office supplies,$55.00,55.00,19,https://efile.fara.gov/docs/7653-Supplemental-Statement-20260501-1.pdf#page=19,
151,Supplemental Item 15(a) appendix,11/03/2025-11/03/2025,Arco,Israel - Ministry of Foreign Affairs,Travel gas,$76.60,76.60,19,https://efile.fara.gov/docs/7653-Supplemental-Statement-20260501-1.pdf#page=19,
152,Supplemental Item 15(a) appendix,11/04/2025-11/04/2025,EXPEDIA.COM WA,Israel - Ministry of Foreign Affairs,Travel flight,$193.15,193.15,19,https://efile.fara.gov/docs/7653-Supplemental-Statement-20260501-1.pdf#page=19,
153,Supplemental Item 15(a) appendix,11/04/2025-11/04/2025,BEST BUY,Israel - Ministry of Foreign Affairs,Office supplies,"$2,743.44",2743.44,19,https://efile.fara.gov/docs/7653-Supplemental-Statement-20260501-1.pdf#page=19,
154,Supplemental Item 15(a) appendix,11/04/2025-11/04/2025,HOWROYD ENTERPRISES,Israel - Ministry of Foreign Affairs,Office rent,"$5,967.50",5967.50,19,https://efile.fara.gov/docs/7653-Supplemental-Statement-20260501-1.pdf#page=19,
155,Supplemental Item 15(a) appendix,11/04/2025-11/04/2025,EXPEDIA.COM WA,Israel - Ministry of Foreign Affairs,Travel flight,$193.15,193.15,19,https://efile.fara.gov/docs/7653-Supplemental-Statement-20260501-1.pdf#page=19,
156,Supplemental Item 15(a) appendix,11/04/2025-11/04/2025,BEST BUY,Israel - Ministry of Foreign Affairs,Office supplies,"$2,743.44",2743.44,19,https://efile.fara.gov/docs/7653-Supplemental-Statement-20260501-1.pdf#page=19,
157,Supplemental Item 15(a) appendix,11/04/2025-11/04/2025,HOWROYD ENTERPRISES,Israel - Ministry of Foreign Affairs,Office rent,"$5,967.50",5967.50,19,https://efile.fara.gov/docs/7653-Supplemental-Statement-20260501-1.pdf#page=19,
158,Supplemental Item 15(a) appendix,11/05/2025-11/05/2025,AMAZON Marketplace,Israel - Ministry of Foreign Affairs,Office recording equipment,$128.53,128.53,19,https://efile.fara.gov/docs/7653-Supplemental-Statement-20260501-1.pdf#page=19,
159,Supplemental Item 15(a) appendix,11/05/2025-11/05/2025,Amazon Marketplace,Israel - Ministry of Foreign Affairs,Office recording equipment,$119.28,119.28,19,https://efile.fara.gov/docs/7653-Supplemental-Statement-20260501-1.pdf#page=19,
160,Supplemental Item 15(a) appendix,11/05/2025-11/05/2025,Amazon Marketplace,Israel - Ministry of Foreign Affairs,Office recording equipment,$119.28,119.28,19,https://efile.fara.gov/docs/7653-Supplemental-Statement-20260501-1.pdf#page=19,
161,Supplemental Item 15(a) appendix,11/05/2025-11/05/2025,AMAZON Marketplace,Israel - Ministry of Foreign Affairs,Office recording equipment,$128.53,128.53,19,https://efile.fara.gov/docs/7653-Supplemental-Statement-20260501-1.pdf#page=19,
162,Supplemental Item 15(a) appendix,11/06/2025-11/06/2025,Christianity Today,Israel - Ministry of Foreign Affairs,Subscription,$77.58,77.58,19,https://efile.fara.gov/docs/7653-Supplemental-Statement-20260501-1.pdf#page=19,
163,Supplemental Item 15(a) appendix,11/06/2025-11/06/2025,[individual payee; name not reproduced],Israel - Ministry of Foreign Affairs,Labor,"$1,980.00",1980.00,19,https://efile.fara.gov/docs/7653-Supplemental-Statement-20260501-1.pdf#page=19,
164,Supplemental Item 15(a) appendix,11/06/2025-11/06/2025,[individual payee; name not reproduced],Israel - Ministry of Foreign Affairs,Labor,"$1,980.00",1980.00,19,https://efile.fara.gov/docs/7653-Supplemental-Statement-20260501-1.pdf#page=19,
165,Supplemental Item 15(a) appendix,11/06/2025-11/06/2025,Christianity Today,Israel - Ministry of Foreign Affairs,Subscription,$77.58,77.58,19,https://efile.fara.gov/docs/7653-Supplemental-Statement-20260501-1.pdf#page=19,
166,Supplemental Item 15(a) appendix,11/06/2025-11/06/2025,FOUND HOTEL,Israel - Ministry of Foreign Affairs,Travel Lodging,$33.00,33.00,20,https://efile.fara.gov/docs/7653-Supplemental-Statement-20260501-1.pdf#page=20,
167,Supplemental Item 15(a) appendix,11/06/2025-11/06/2025,FOUND HOTEL,Israel - Ministry of Foreign Affairs,Travel Lodging,$33.00,33.00,20,https://efile.fara.gov/docs/7653-Supplemental-Statement-20260501-1.pdf#page=20,
168,Supplemental Item 15(a) appendix,11/07/2025-11/07/2025,Emily Hermingway,Israel - Ministry of Foreign Affairs,Contractor,"$2,250.00",2250.00,20,https://efile.fara.gov/docs/7653-Supplemental-Statement-20260501-1.pdf#page=20,
169,Supplemental Item 15(a) appendix,11/07/2025-11/07/2025,Emily Hermingway,Israel - Ministry of Foreign Affairs,Contractor,"$2,250.00",2250.00,20,https://efile.fara.gov/docs/7653-Supplemental-Statement-20260501-1.pdf#page=20,
170,Supplemental Item 15(a) appendix,11/12/2025-11/12/2025,Oak Valley,Israel - Ministry of Foreign Affairs,Travel gas,$72.18,72.18,20,https://efile.fara.gov/docs/7653-Supplemental-Statement-20260501-1.pdf#page=20,
171,Supplemental Item 15(a) appendix,11/12/2025-11/12/2025,LUCKY8 TIRES,Israel - Ministry of Foreign Affairs,Tires,$103.00,103.00,20,https://efile.fara.gov/docs/7653-Supplemental-Statement-20260501-1.pdf#page=20,
172,Supplemental Item 15(a) appendix,11/12/2025-11/12/2025,INLAND SAFE & MACHINERY,Israel - Ministry of Foreign Affairs,Trailer storage,$425.00,425.00,20,https://efile.fara.gov/docs/7653-Supplemental-Statement-20260501-1.pdf#page=20,
173,Supplemental Item 15(a) appendix,11/12/2025-11/12/2025,LUCKY8 TIRES,Israel - Ministry of Foreign Affairs,Trailer tires,$875.50,875.50,20,https://efile.fara.gov/docs/7653-Supplemental-Statement-20260501-1.pdf#page=20,
174,Supplemental Item 15(a) appendix,11/12/2025-11/12/2025,Oak Valley,Israel - Ministry of Foreign Affairs,Travel gas,$72.18,72.18,20,https://efile.fara.gov/docs/7653-Supplemental-Statement-20260501-1.pdf#page=20,
175,Supplemental Item 15(a) appendix,11/12/2025-11/12/2025,INLAND SAFE & MACHINERY,Israel - Ministry of Foreign Affairs,Trailer storage,$425.00,425.00,20,https://efile.fara.gov/docs/7653-Supplemental-Statement-20260501-1.pdf#page=20,
176,Supplemental Item 15(a) appendix,11/12/2025-11/12/2025,LUCKY8 TIRES,Israel - Ministry of Foreign Affairs,Trailer tires,$875.50,875.50,20,https://efile.fara.gov/docs/7653-Supplemental-Statement-20260501-1.pdf#page=20,
177,Supplemental Item 15(a) appendix,11/12/2025-11/12/2025,LUCKY8 TIRES,Israel - Ministry of Foreign Affairs,Tires,$103.00,103.00,20,https://efile.fara.gov/docs/7653-Supplemental-Statement-20260501-1.pdf#page=20,
178,Supplemental Item 15(a) appendix,11/14/2025-11/14/2025,Graystone Public Affairs,Israel - Ministry of Foreign Affairs,payroll,"$38,638.70",38638.70,20,https://efile.fara.gov/docs/7653-Supplemental-Statement-20260501-1.pdf#page=20,
179,Supplemental Item 15(a) appendix,11/14/2025-11/14/2025,Graystone Public Affairs,Israel - Ministry of Foreign Affairs,payroll,"$38,638.70",38638.70,20,https://efile.fara.gov/docs/7653-Supplemental-Statement-20260501-1.pdf#page=20,
180,Supplemental Item 15(a) appendix,11/17/2025-11/17/2025,U.S. Bank,Israel - Ministry of Foreign Affairs,Fees,$1.58,1.58,20,https://efile.fara.gov/docs/7653-Supplemental-Statement-20260501-1.pdf#page=20,
181,Supplemental Item 15(a) appendix,11/17/2025-11/17/2025,USEFULCHARTS,Israel - Ministry of Foreign Affairs,Educational materials,$52.99,52.99,20,https://efile.fara.gov/docs/7653-Supplemental-Statement-20260501-1.pdf#page=20,
182,Supplemental Item 15(a) appendix,11/17/2025-11/17/2025,US Bank,Israel - Ministry of Foreign Affairs,Bank Fees,$301.00,301.00,20,https://efile.fara.gov/docs/7653-Supplemental-Statement-20260501-1.pdf#page=20,
183,Supplemental Item 15(a) appendix,11/17/2025-11/17/2025,TEMECULA VALLEY,Israel - Ministry of Foreign Affairs,Equipment,"$1,216.44",1216.44,20,https://efile.fara.gov/docs/7653-Supplemental-Statement-20260501-1.pdf#page=20,
184,Supplemental Item 15(a) appendix,11/17/2025-11/17/2025,US Bank,Israel - Ministry of Foreign Affairs,Bank Fees,$301.00,301.00,20,https://efile.fara.gov/docs/7653-Supplemental-Statement-20260501-1.pdf#page=20,
185,Supplemental Item 15(a) appendix,11/17/2025-11/17/2025,USEFULCHARTS,Israel - Ministry of Foreign Affairs,Educational materials,$52.99,52.99,20,https://efile.fara.gov/docs/7653-Supplemental-Statement-20260501-1.pdf#page=20,
186,Supplemental Item 15(a) appendix,11/17/2025-11/17/2025,U.S. Bank,Israel - Ministry of Foreign Affairs,Fees,$1.58,1.58,20,https://efile.fara.gov/docs/7653-Supplemental-Statement-20260501-1.pdf#page=20,
187,Supplemental Item 15(a) appendix,11/17/2025-11/17/2025,TEMECULA VALLEY,Israel - Ministry of Foreign Affairs,Equipment,"$1,216.44",1216.44,20,https://efile.fara.gov/docs/7653-Supplemental-Statement-20260501-1.pdf#page=20,
