row,source_section,date_printed,principal,contact_printed,method_printed,purpose_or_text,page,page_cite,note
1,Exhibit B (MFA) Item 11 appendix,02/19/2025,Israel Ministry of Foreign Affairs,CNN,email,Media placement,10,https://efile.fara.gov/docs/7553-Exhibit-AB-20250303-1.pdf#page=10,Exhibit B (MFA) Item 11 appendix: activity before registration (journalist names printed; outlet only here)
2,Exhibit B (MFA) Item 11 appendix,02/19/2025,Israel Ministry of Foreign Affairs,New York Post,text,Media placement,10,https://efile.fara.gov/docs/7553-Exhibit-AB-20250303-1.pdf#page=10,Exhibit B (MFA) Item 11 appendix: activity before registration (journalist names printed; outlet only here)
3,Exhibit B (MFA) Item 11 appendix,02/19/2025,Israel Ministry of Foreign Affairs,Fox News,text,Media placement,10,https://efile.fara.gov/docs/7553-Exhibit-AB-20250303-1.pdf#page=10,Exhibit B (MFA) Item 11 appendix: activity before registration (journalist names printed; outlet only here)
4,Exhibit B (MFA) Item 11 appendix,02/19/2025,Israel Ministry of Foreign Affairs,Daily Mail,text,Media placement,10,https://efile.fara.gov/docs/7553-Exhibit-AB-20250303-1.pdf#page=10,Exhibit B (MFA) Item 11 appendix: activity before registration (journalist names printed; outlet only here)
5,Exhibit B (MFA) Item 11 appendix,02/19/2025,Israel Ministry of Foreign Affairs,NBC,text,Media placement,10,https://efile.fara.gov/docs/7553-Exhibit-AB-20250303-1.pdf#page=10,Exhibit B (MFA) Item 11 appendix: activity before registration (journalist names printed; outlet only here)
6,Exhibit B (MFA) Item 11 appendix,02/19/2025,Israel Ministry of Foreign Affairs,NBC,text,Media placement,10,https://efile.fara.gov/docs/7553-Exhibit-AB-20250303-1.pdf#page=10,Exhibit B (MFA) Item 11 appendix: activity before registration (journalist names printed; outlet only here)
7,Exhibit B (MFA) Item 11 appendix,02/19/2025,Israel Ministry of Foreign Affairs,Fox News,text,Media placement,10,https://efile.fara.gov/docs/7553-Exhibit-AB-20250303-1.pdf#page=10,Exhibit B (MFA) Item 11 appendix: activity before registration (journalist names printed; outlet only here)
8,Exhibit B (MFA) Item 11 appendix,02/19/2025,Israel Ministry of Foreign Affairs,NBC,text,Media placement,10,https://efile.fara.gov/docs/7553-Exhibit-AB-20250303-1.pdf#page=10,Exhibit B (MFA) Item 11 appendix: activity before registration (journalist names printed; outlet only here)
9,Exhibit B (MFA) Item 11 appendix,02/19/2025,Israel Ministry of Foreign Affairs,Fox News,text,Media placement,10,https://efile.fara.gov/docs/7553-Exhibit-AB-20250303-1.pdf#page=10,Exhibit B (MFA) Item 11 appendix: activity before registration (journalist names printed; outlet only here)
10,Exhibit B (MFA) Item 11 appendix,02/19/2025,Israel Ministry of Foreign Affairs,New York Post,text,Media placement,10,https://efile.fara.gov/docs/7553-Exhibit-AB-20250303-1.pdf#page=10,Exhibit B (MFA) Item 11 appendix: activity before registration (journalist names printed; outlet only here)
11,Exhibit B (MFA) Item 11 appendix,02/19/2025,Israel Ministry of Foreign Affairs,Fox News Radio,email,Media placement,10,https://efile.fara.gov/docs/7553-Exhibit-AB-20250303-1.pdf#page=10,Exhibit B (MFA) Item 11 appendix: activity before registration (journalist names printed; outlet only here)
12,Exhibit B (MFA) Item 11 appendix,02/19/2025,Israel Ministry of Foreign Affairs,Fox News Radio,email,Media placement,10,https://efile.fara.gov/docs/7553-Exhibit-AB-20250303-1.pdf#page=10,Exhibit B (MFA) Item 11 appendix: activity before registration (journalist names printed; outlet only here)
13,Exhibit B (MFA) Item 11 appendix,02/19/2025,Israel Ministry of Foreign Affairs,Daily Wire,text,Media placement,10,https://efile.fara.gov/docs/7553-Exhibit-AB-20250303-1.pdf#page=10,Exhibit B (MFA) Item 11 appendix: activity before registration (journalist names printed; outlet only here)
14,Exhibit B (MFA) Item 11 appendix,02/19/2025,Israel Ministry of Foreign Affairs,CNN,text,Media placement,10,https://efile.fara.gov/docs/7553-Exhibit-AB-20250303-1.pdf#page=10,Exhibit B (MFA) Item 11 appendix: activity before registration (journalist names printed; outlet only here)
15,Exhibit B (MFA) Item 11 appendix,02/19/2025,Israel Ministry of Foreign Affairs,CNN,text,Media placement,10,https://efile.fara.gov/docs/7553-Exhibit-AB-20250303-1.pdf#page=10,Exhibit B (MFA) Item 11 appendix: activity before registration (journalist names printed; outlet only here)
16,Exhibit B (MFA) Item 11 appendix,02/19/2025,Israel Ministry of Foreign Affairs,CNN,text,Media placement,10,https://efile.fara.gov/docs/7553-Exhibit-AB-20250303-1.pdf#page=10,Exhibit B (MFA) Item 11 appendix: activity before registration (journalist names printed; outlet only here)
17,Exhibit B (MFA) Item 11 appendix,02/20/2025,Israel Ministry of Foreign Affairs,CBS,text,Media placement,10,https://efile.fara.gov/docs/7553-Exhibit-AB-20250303-1.pdf#page=10,Exhibit B (MFA) Item 11 appendix: activity before registration (journalist names printed; outlet only here)
18,Exhibit B (MFA) Item 11 appendix,02/20/2025,Israel Ministry of Foreign Affairs,Fox News,text,Media placement,10,https://efile.fara.gov/docs/7553-Exhibit-AB-20250303-1.pdf#page=10,Exhibit B (MFA) Item 11 appendix: activity before registration (journalist names printed; outlet only here)
19,Exhibit B (MFA) Item 11 appendix,02/20/2025,Israel Ministry of Foreign Affairs,Fox News,text,Media placement,10,https://efile.fara.gov/docs/7553-Exhibit-AB-20250303-1.pdf#page=10,Exhibit B (MFA) Item 11 appendix: activity before registration (journalist names printed; outlet only here)
20,Exhibit B (MFA) Item 11 appendix,02/21/2025,Israel Ministry of Foreign Affairs,CNN,text,Media placement,10,https://efile.fara.gov/docs/7553-Exhibit-AB-20250303-1.pdf#page=10,Exhibit B (MFA) Item 11 appendix: activity before registration (journalist names printed; outlet only here)
21,Exhibit B (MFA) Item 11 appendix,02/22/2025,Israel Ministry of Foreign Affairs,ABC,text,Media placement,10,https://efile.fara.gov/docs/7553-Exhibit-AB-20250303-1.pdf#page=10,Exhibit B (MFA) Item 11 appendix: activity before registration (journalist names printed; outlet only here)
22,Exhibit B (MFA) Item 11 appendix,02/22/2025,Israel Ministry of Foreign Affairs,MSNBC,text,Media placement,10,https://efile.fara.gov/docs/7553-Exhibit-AB-20250303-1.pdf#page=10,Exhibit B (MFA) Item 11 appendix: activity before registration (journalist names printed; outlet only here)
23,Exhibit B (MFA) Item 11 appendix,02/24/2025,Israel Ministry of Foreign Affairs,MSNBC,text,Media placement,10,https://efile.fara.gov/docs/7553-Exhibit-AB-20250303-1.pdf#page=10,Exhibit B (MFA) Item 11 appendix: activity before registration (journalist names printed; outlet only here)
24,Exhibit B (MFA) Item 11 appendix,02/24/2025,Israel Ministry of Foreign Affairs,NewsMax,text,Media placement,10,https://efile.fara.gov/docs/7553-Exhibit-AB-20250303-1.pdf#page=10,Exhibit B (MFA) Item 11 appendix: activity before registration (journalist names printed; outlet only here)
25,"Supplemental Item 12 appendix, period ending 09/30/2025",09/02/2025,"Government of Israel, Ministry of Tourism (LAPAM) (through Havas Media Group USA LLC)",Fox News,Text,PR Management,13,https://efile.fara.gov/docs/7553-Supplemental-Statement-20251211-1.pdf#page=13,"Supplemental Item 12 appendix, period ending 09/30/2025"
26,"Supplemental Item 12 appendix, period ending 09/30/2025",09/04/2025,"Government of Israel, Ministry of Tourism (LAPAM) (through Havas Media Group USA LLC)",Fox News,Text,PR Management,13,https://efile.fara.gov/docs/7553-Supplemental-Statement-20251211-1.pdf#page=13,"Supplemental Item 12 appendix, period ending 09/30/2025"
27,"Supplemental Item 12 appendix, period ending 09/30/2025",09/05/2025,"Government of Israel, Ministry of Tourism (LAPAM) (through Havas Media Group USA LLC)",Fox News,Text,Meeting Logistics,13,https://efile.fara.gov/docs/7553-Supplemental-Statement-20251211-1.pdf#page=13,"Supplemental Item 12 appendix, period ending 09/30/2025"
28,"Supplemental Item 12 appendix, period ending 09/30/2025",09/05/2025,"Government of Israel, Ministry of Tourism (LAPAM) (through Havas Media Group USA LLC)",Fox News,Email,TV Booking,13,https://efile.fara.gov/docs/7553-Supplemental-Statement-20251211-1.pdf#page=13,"Supplemental Item 12 appendix, period ending 09/30/2025"
29,"Supplemental Item 12 appendix, period ending 09/30/2025",09/07/2025,"Government of Israel, Ministry of Tourism (LAPAM) (through Havas Media Group USA LLC)",Fox News,Text,Meeting Logistics,13,https://efile.fara.gov/docs/7553-Supplemental-Statement-20251211-1.pdf#page=13,"Supplemental Item 12 appendix, period ending 09/30/2025"
30,"Supplemental Item 12 appendix, period ending 09/30/2025",09/08/2025,"Government of Israel, Ministry of Tourism (LAPAM) (through Havas Media Group USA LLC)",Fox News,Text,PR Management,13,https://efile.fara.gov/docs/7553-Supplemental-Statement-20251211-1.pdf#page=13,"Supplemental Item 12 appendix, period ending 09/30/2025"
31,"Supplemental Item 12 appendix, period ending 09/30/2025",09/08/2025,"Government of Israel, Ministry of Tourism (LAPAM) (through Havas Media Group USA LLC)",Fox News,Text,PR Management,13,https://efile.fara.gov/docs/7553-Supplemental-Statement-20251211-1.pdf#page=13,"Supplemental Item 12 appendix, period ending 09/30/2025"
32,"Supplemental Item 12 appendix, period ending 09/30/2025",09/09/2025,"Government of Israel, Ministry of Tourism (LAPAM) (through Havas Media Group USA LLC)",Fox News,"Voicemail, text",PR Management,13,https://efile.fara.gov/docs/7553-Supplemental-Statement-20251211-1.pdf#page=13,"Supplemental Item 12 appendix, period ending 09/30/2025"
33,"Supplemental Item 12 appendix, period ending 09/30/2025",09/11/2025,"Government of Israel, Ministry of Tourism (LAPAM) (through Havas Media Group USA LLC)",Fox News,"Voicemail, text",Media Pitch,13,https://efile.fara.gov/docs/7553-Supplemental-Statement-20251211-1.pdf#page=13,"Supplemental Item 12 appendix, period ending 09/30/2025"
34,"Supplemental Item 12 appendix, period ending 09/30/2025",09/12/2025,"Government of Israel, Ministry of Tourism (LAPAM) (through Havas Media Group USA LLC)",New York Post,Email,Media Pitch,13,https://efile.fara.gov/docs/7553-Supplemental-Statement-20251211-1.pdf#page=13,"Supplemental Item 12 appendix, period ending 09/30/2025"
35,"Supplemental Item 12 appendix, period ending 09/30/2025",09/12/2025,"Government of Israel, Ministry of Tourism (LAPAM) (through Havas Media Group USA LLC)",Fox News,Text,Media Pitch,13,https://efile.fara.gov/docs/7553-Supplemental-Statement-20251211-1.pdf#page=13,"Supplemental Item 12 appendix, period ending 09/30/2025"
36,"Supplemental Item 12 appendix, period ending 09/30/2025",09/12/2025,"Government of Israel, Ministry of Tourism (LAPAM) (through Havas Media Group USA LLC)",Jewish Insider,"Phone, email",Media Pitch,13,https://efile.fara.gov/docs/7553-Supplemental-Statement-20251211-1.pdf#page=13,"Supplemental Item 12 appendix, period ending 09/30/2025"
37,"Supplemental Item 12 appendix, period ending 09/30/2025",09/14/2025,"Government of Israel, Ministry of Tourism (LAPAM) (through Havas Media Group USA LLC)",Jewish Insider,Email,Media Pitch,13,https://efile.fara.gov/docs/7553-Supplemental-Statement-20251211-1.pdf#page=13,"Supplemental Item 12 appendix, period ending 09/30/2025"
38,"Supplemental Item 12 appendix, period ending 09/30/2025",09/15/2025,"Government of Israel, Ministry of Tourism (LAPAM) (through Havas Media Group USA LLC)",Jewish Insider,Email,Media Pitch,13,https://efile.fara.gov/docs/7553-Supplemental-Statement-20251211-1.pdf#page=13,"Supplemental Item 12 appendix, period ending 09/30/2025"
39,"Supplemental Item 12 appendix, period ending 09/30/2025",09/16/2025,"Government of Israel, Ministry of Tourism (LAPAM) (through Havas Media Group USA LLC)",Breitbart,Phone,PR Management,13,https://efile.fara.gov/docs/7553-Supplemental-Statement-20251211-1.pdf#page=13,"Supplemental Item 12 appendix, period ending 09/30/2025"
40,"Supplemental Item 12 appendix, period ending 09/30/2025",09/16/2025,"Government of Israel, Ministry of Tourism (LAPAM) (through Havas Media Group USA LLC)",Fox News,Text,TV Booking,13,https://efile.fara.gov/docs/7553-Supplemental-Statement-20251211-1.pdf#page=13,"Supplemental Item 12 appendix, period ending 09/30/2025"
41,"Supplemental Item 12 appendix, period ending 09/30/2025",09/16/2025,"Government of Israel, Ministry of Tourism (LAPAM) (through Havas Media Group USA LLC)",Bloomberg,Email,TV Booking,14,https://efile.fara.gov/docs/7553-Supplemental-Statement-20251211-1.pdf#page=14,"Supplemental Item 12 appendix, period ending 09/30/2025"
42,"Supplemental Item 12 appendix, period ending 09/30/2025",09/16/2025,"Government of Israel, Ministry of Tourism (LAPAM) (through Havas Media Group USA LLC)",NewsNation,Text,TV Booking,14,https://efile.fara.gov/docs/7553-Supplemental-Statement-20251211-1.pdf#page=14,"Supplemental Item 12 appendix, period ending 09/30/2025"
43,"Supplemental Item 12 appendix, period ending 09/30/2025",09/16/2025,"Government of Israel, Ministry of Tourism (LAPAM) (through Havas Media Group USA LLC)",NY Post,Email,PR Management,14,https://efile.fara.gov/docs/7553-Supplemental-Statement-20251211-1.pdf#page=14,"Supplemental Item 12 appendix, period ending 09/30/2025"
44,"Supplemental Item 12 appendix, period ending 09/30/2025",09/16/2025,"Government of Israel, Ministry of Tourism (LAPAM) (through Havas Media Group USA LLC)",NY Post,Email,PR Management,14,https://efile.fara.gov/docs/7553-Supplemental-Statement-20251211-1.pdf#page=14,"Supplemental Item 12 appendix, period ending 09/30/2025"
45,"Supplemental Item 12 appendix, period ending 09/30/2025",09/16/2025,"Government of Israel, Ministry of Tourism (LAPAM) (through Havas Media Group USA LLC)",NewsNation,Email,TV Booking,14,https://efile.fara.gov/docs/7553-Supplemental-Statement-20251211-1.pdf#page=14,"Supplemental Item 12 appendix, period ending 09/30/2025"
46,"Supplemental Item 12 appendix, period ending 09/30/2025",09/16/2025,"Government of Israel, Ministry of Tourism (LAPAM) (through Havas Media Group USA LLC)",Fox News,Email,TV Booking,14,https://efile.fara.gov/docs/7553-Supplemental-Statement-20251211-1.pdf#page=14,"Supplemental Item 12 appendix, period ending 09/30/2025"
47,"Supplemental Item 12 appendix, period ending 09/30/2025",09/17/2025,"Government of Israel, Ministry of Tourism (LAPAM) (through Havas Media Group USA LLC)",Fox News,Text,TV Booking,14,https://efile.fara.gov/docs/7553-Supplemental-Statement-20251211-1.pdf#page=14,"Supplemental Item 12 appendix, period ending 09/30/2025"
48,"Supplemental Item 12 appendix, period ending 09/30/2025",09/17/2025,"Government of Israel, Ministry of Tourism (LAPAM) (through Havas Media Group USA LLC)",CNN,Text,TV Booking,14,https://efile.fara.gov/docs/7553-Supplemental-Statement-20251211-1.pdf#page=14,"Supplemental Item 12 appendix, period ending 09/30/2025"
49,"Supplemental Item 12 appendix, period ending 09/30/2025",09/18/2025,"Government of Israel, Ministry of Tourism (LAPAM) (through Havas Media Group USA LLC)",NewsNation,Text,PR Management,14,https://efile.fara.gov/docs/7553-Supplemental-Statement-20251211-1.pdf#page=14,"Supplemental Item 12 appendix, period ending 09/30/2025"
50,"Supplemental Item 12 appendix, period ending 09/30/2025",09/18/2025,"Government of Israel, Ministry of Tourism (LAPAM) (through Havas Media Group USA LLC)",Fox News,Text,PR Management,14,https://efile.fara.gov/docs/7553-Supplemental-Statement-20251211-1.pdf#page=14,"Supplemental Item 12 appendix, period ending 09/30/2025"
51,"Supplemental Item 12 appendix, period ending 09/30/2025",09/18/2025,"Government of Israel, Ministry of Tourism (LAPAM) (through Havas Media Group USA LLC)",NY Post,Text,PR Management,14,https://efile.fara.gov/docs/7553-Supplemental-Statement-20251211-1.pdf#page=14,"Supplemental Item 12 appendix, period ending 09/30/2025"
52,"Supplemental Item 12 appendix, period ending 09/30/2025",09/19/2025,"Government of Israel, Ministry of Tourism (LAPAM) (through Havas Media Group USA LLC)",Fox News,Text,PR Management,14,https://efile.fara.gov/docs/7553-Supplemental-Statement-20251211-1.pdf#page=14,"Supplemental Item 12 appendix, period ending 09/30/2025"
53,"Supplemental Item 12 appendix, period ending 09/30/2025",09/19/2025,"Government of Israel, Ministry of Tourism (LAPAM) (through Havas Media Group USA LLC)",Fox News,Text,Meeting Pitch,14,https://efile.fara.gov/docs/7553-Supplemental-Statement-20251211-1.pdf#page=14,"Supplemental Item 12 appendix, period ending 09/30/2025"
54,"Supplemental Item 12 appendix, period ending 09/30/2025",09/20/2025,"Government of Israel, Ministry of Tourism (LAPAM) (through Havas Media Group USA LLC)",Fox News,Email,PR Management,14,https://efile.fara.gov/docs/7553-Supplemental-Statement-20251211-1.pdf#page=14,"Supplemental Item 12 appendix, period ending 09/30/2025"
55,"Supplemental Item 12 appendix, period ending 09/30/2025",09/22/2025,"Government of Israel, Ministry of Tourism (LAPAM) (through Havas Media Group USA LLC)",Fox News,Email,PR Management,14,https://efile.fara.gov/docs/7553-Supplemental-Statement-20251211-1.pdf#page=14,"Supplemental Item 12 appendix, period ending 09/30/2025"
56,"Supplemental Item 12 appendix, period ending 09/30/2025",09/22/2025,"Government of Israel, Ministry of Tourism (LAPAM) (through Havas Media Group USA LLC)",Fox News,Email,PR Management,14,https://efile.fara.gov/docs/7553-Supplemental-Statement-20251211-1.pdf#page=14,"Supplemental Item 12 appendix, period ending 09/30/2025"
57,"Supplemental Item 12 appendix, period ending 09/30/2025",09/25/2025,"Government of Israel, Ministry of Tourism (LAPAM) (through Havas Media Group USA LLC)",Fox News,Text,Meeting Logistics,14,https://efile.fara.gov/docs/7553-Supplemental-Statement-20251211-1.pdf#page=14,"Supplemental Item 12 appendix, period ending 09/30/2025"
58,"Supplemental Item 12 appendix, period ending 09/30/2025",09/26/2025,"Government of Israel, Ministry of Tourism (LAPAM) (through Havas Media Group USA LLC)",Newsmax,"Text, phone",TV Booking,14,https://efile.fara.gov/docs/7553-Supplemental-Statement-20251211-1.pdf#page=14,"Supplemental Item 12 appendix, period ending 09/30/2025"
59,"Supplemental Item 12 appendix, period ending 09/30/2025",09/26/2025,"Government of Israel, Ministry of Tourism (LAPAM) (through Havas Media Group USA LLC)",Daily Wire,Text,PR Management,14,https://efile.fara.gov/docs/7553-Supplemental-Statement-20251211-1.pdf#page=14,"Supplemental Item 12 appendix, period ending 09/30/2025"
60,"Supplemental Item 12 appendix, period ending 09/30/2025",09/26/2025,"Government of Israel, Ministry of Tourism (LAPAM) (through Havas Media Group USA LLC)",Daily Wire,Text,TV Booking,15,https://efile.fara.gov/docs/7553-Supplemental-Statement-20251211-1.pdf#page=15,"Supplemental Item 12 appendix, period ending 09/30/2025"
61,"Supplemental Item 12 appendix, period ending 09/30/2025",09/26/2025,"Government of Israel, Ministry of Tourism (LAPAM) (through Havas Media Group USA LLC)",Fox News,Text,TV Booking,15,https://efile.fara.gov/docs/7553-Supplemental-Statement-20251211-1.pdf#page=15,"Supplemental Item 12 appendix, period ending 09/30/2025"
62,"Supplemental Item 12 appendix, period ending 09/30/2025",09/26/2025,"Government of Israel, Ministry of Tourism (LAPAM) (through Havas Media Group USA LLC)",Fox News,Text,TV Booking,15,https://efile.fara.gov/docs/7553-Supplemental-Statement-20251211-1.pdf#page=15,"Supplemental Item 12 appendix, period ending 09/30/2025"
63,"Supplemental Item 12 appendix, period ending 09/30/2025",09/26/2025,"Government of Israel, Ministry of Tourism (LAPAM) (through Havas Media Group USA LLC)",CNN,Email,TV Booking,15,https://efile.fara.gov/docs/7553-Supplemental-Statement-20251211-1.pdf#page=15,"Supplemental Item 12 appendix, period ending 09/30/2025"
64,"Supplemental Item 12 appendix, period ending 09/30/2025",09/28/2025,"Government of Israel, Ministry of Tourism (LAPAM) (through Havas Media Group USA LLC)",CNN,Text,TV Booking,15,https://efile.fara.gov/docs/7553-Supplemental-Statement-20251211-1.pdf#page=15,"Supplemental Item 12 appendix, period ending 09/30/2025"
65,"Supplemental Item 12 appendix, period ending 09/30/2025",09/28/2025,"Government of Israel, Ministry of Tourism (LAPAM) (through Havas Media Group USA LLC)",CNN,Text,TV Booking,15,https://efile.fara.gov/docs/7553-Supplemental-Statement-20251211-1.pdf#page=15,"Supplemental Item 12 appendix, period ending 09/30/2025"
66,"Supplemental Item 12 appendix, period ending 09/30/2025",09/28/2025,"Government of Israel, Ministry of Tourism (LAPAM) (through Havas Media Group USA LLC)",CNN,Text,TV Booking,15,https://efile.fara.gov/docs/7553-Supplemental-Statement-20251211-1.pdf#page=15,"Supplemental Item 12 appendix, period ending 09/30/2025"
67,"Supplemental Item 12 appendix, period ending 09/30/2025",09/29/2025,"Government of Israel, Ministry of Tourism (LAPAM) (through Havas Media Group USA LLC)",Newsmax,Email,TV Booking,15,https://efile.fara.gov/docs/7553-Supplemental-Statement-20251211-1.pdf#page=15,"Supplemental Item 12 appendix, period ending 09/30/2025"
68,"Supplemental Item 12 appendix, period ending 09/30/2025",09/29/2025,"Government of Israel, Ministry of Tourism (LAPAM) (through Havas Media Group USA LLC)",Bloomberg,Email,TV Booking,15,https://efile.fara.gov/docs/7553-Supplemental-Statement-20251211-1.pdf#page=15,"Supplemental Item 12 appendix, period ending 09/30/2025"
69,"Supplemental Item 12 appendix, period ending 09/30/2025",09/29/2025,"Government of Israel, Ministry of Tourism (LAPAM) (through Havas Media Group USA LLC)",NBC,Text,TV Booking,15,https://efile.fara.gov/docs/7553-Supplemental-Statement-20251211-1.pdf#page=15,"Supplemental Item 12 appendix, period ending 09/30/2025"
70,"Supplemental Item 12 appendix, period ending 09/30/2025",09/29/2025,"Government of Israel, Ministry of Tourism (LAPAM) (through Havas Media Group USA LLC)",NBC,Text,TV Booking,15,https://efile.fara.gov/docs/7553-Supplemental-Statement-20251211-1.pdf#page=15,"Supplemental Item 12 appendix, period ending 09/30/2025"
71,"Supplemental Item 12 appendix, period ending 09/30/2025",09/29/2025,"Government of Israel, Ministry of Tourism (LAPAM) (through Havas Media Group USA LLC)",NBC,Email,TV Booking,15,https://efile.fara.gov/docs/7553-Supplemental-Statement-20251211-1.pdf#page=15,"Supplemental Item 12 appendix, period ending 09/30/2025"
72,"Supplemental Item 12 appendix, period ending 09/30/2025",09/29/2025,"Government of Israel, Ministry of Tourism (LAPAM) (through Havas Media Group USA LLC)",BBC,Text,TV Booking,15,https://efile.fara.gov/docs/7553-Supplemental-Statement-20251211-1.pdf#page=15,"Supplemental Item 12 appendix, period ending 09/30/2025"
73,"Supplemental Item 12 appendix, period ending 09/30/2025",09/29/2025,"Government of Israel, Ministry of Tourism (LAPAM) (through Havas Media Group USA LLC)",CNN,Text,TV Booking,15,https://efile.fara.gov/docs/7553-Supplemental-Statement-20251211-1.pdf#page=15,"Supplemental Item 12 appendix, period ending 09/30/2025"
74,"Supplemental Item 12 appendix, period ending 09/30/2025",09/29/2025,"Government of Israel, Ministry of Tourism (LAPAM) (through Havas Media Group USA LLC)",CNN,Text,TV Booking,15,https://efile.fara.gov/docs/7553-Supplemental-Statement-20251211-1.pdf#page=15,"Supplemental Item 12 appendix, period ending 09/30/2025"
75,"Supplemental Item 12 appendix, period ending 09/30/2025",09/29/2025,"Government of Israel, Ministry of Tourism (LAPAM) (through Havas Media Group USA LLC)",BBC,Text,TV Booking,15,https://efile.fara.gov/docs/7553-Supplemental-Statement-20251211-1.pdf#page=15,"Supplemental Item 12 appendix, period ending 09/30/2025"
76,"Supplemental Item 12 appendix, period ending 09/30/2025",09/29/2025,"Government of Israel, Ministry of Tourism (LAPAM) (through Havas Media Group USA LLC)",Fox News,Text,TV Booking,15,https://efile.fara.gov/docs/7553-Supplemental-Statement-20251211-1.pdf#page=15,"Supplemental Item 12 appendix, period ending 09/30/2025"
77,"Supplemental Item 12 appendix, period ending 09/30/2025",09/29/2025,"Government of Israel, Ministry of Tourism (LAPAM) (through Havas Media Group USA LLC)",Fox News,Text,TV Booking,15,https://efile.fara.gov/docs/7553-Supplemental-Statement-20251211-1.pdf#page=15,"Supplemental Item 12 appendix, period ending 09/30/2025"
78,"Supplemental Item 12 appendix, period ending 09/30/2025",09/29/2025,"Government of Israel, Ministry of Tourism (LAPAM) (through Havas Media Group USA LLC)",NBC News,Text,TV Booking,15,https://efile.fara.gov/docs/7553-Supplemental-Statement-20251211-1.pdf#page=15,"Supplemental Item 12 appendix, period ending 09/30/2025"
79,"Supplemental Item 12 appendix, period ending 09/30/2025",09/29/2025,"Government of Israel, Ministry of Tourism (LAPAM) (through Havas Media Group USA LLC)",BBC,Text,TV Booking,16,https://efile.fara.gov/docs/7553-Supplemental-Statement-20251211-1.pdf#page=16,"Supplemental Item 12 appendix, period ending 09/30/2025"
80,"Supplemental Item 12 appendix, period ending 09/30/2025",09/29/2025,"Government of Israel, Ministry of Tourism (LAPAM) (through Havas Media Group USA LLC)",Fox News,Text,Meeting Logistics,16,https://efile.fara.gov/docs/7553-Supplemental-Statement-20251211-1.pdf#page=16,"Supplemental Item 12 appendix, period ending 09/30/2025"
81,"Supplemental Item 12 appendix, period ending 09/30/2025",09/30/2025,"Government of Israel, Ministry of Tourism (LAPAM) (through Havas Media Group USA LLC)",Real Clear Politics,Phone,Meeting Pitch,16,https://efile.fara.gov/docs/7553-Supplemental-Statement-20251211-1.pdf#page=16,"Supplemental Item 12 appendix, period ending 09/30/2025"
82,"Supplemental Item 12 appendix, period ending 09/30/2025",09/30/2025,"Government of Israel, Ministry of Tourism (LAPAM) (through Havas Media Group USA LLC)",Fox News,Text,PR Management,16,https://efile.fara.gov/docs/7553-Supplemental-Statement-20251211-1.pdf#page=16,"Supplemental Item 12 appendix, period ending 09/30/2025"
83,"Supplemental Item 12 appendix, period ending 09/30/2025",09/30/2025,"Government of Israel, Ministry of Tourism (LAPAM) (through Havas Media Group USA LLC)",Fox News,In person,Meeting,16,https://efile.fara.gov/docs/7553-Supplemental-Statement-20251211-1.pdf#page=16,"Supplemental Item 12 appendix, period ending 09/30/2025"
84,"Supplemental Item 12 appendix, period ending 09/30/2025",09/30/2025,"Government of Israel, Ministry of Tourism (LAPAM) (through Havas Media Group USA LLC)",NY Post,Email,PR Management,16,https://efile.fara.gov/docs/7553-Supplemental-Statement-20251211-1.pdf#page=16,"Supplemental Item 12 appendix, period ending 09/30/2025"
85,"Supplemental Item 12 appendix, period ending 03/31/2026",10/01/2025,"Government of Israel, Ministry of Tourism (LAPAM) (through Havas Media Group USA LLC)",Fox News,Text,Media Pitch,11,https://efile.fara.gov/docs/7553-Supplemental-Statement-20260630-2.pdf#page=11,"Supplemental Item 12 appendix, period ending 03/31/2026"
86,"Supplemental Item 12 appendix, period ending 03/31/2026",10/02/2025,"Government of Israel, Ministry of Tourism (LAPAM) (through Havas Media Group USA LLC)",CNN,Text,TV Booking/PR Management,11,https://efile.fara.gov/docs/7553-Supplemental-Statement-20260630-2.pdf#page=11,"Supplemental Item 12 appendix, period ending 03/31/2026"
87,"Supplemental Item 12 appendix, period ending 03/31/2026",10/02/2025,"Government of Israel, Ministry of Tourism (LAPAM) (through Havas Media Group USA LLC)",CNN/Newsweek,Text,TV Booking,11,https://efile.fara.gov/docs/7553-Supplemental-Statement-20260630-2.pdf#page=11,"Supplemental Item 12 appendix, period ending 03/31/2026"
88,"Supplemental Item 12 appendix, period ending 03/31/2026",10/03/2025,"Government of Israel, Ministry of Tourism (LAPAM) (through Havas Media Group USA LLC)",Fox News,Text,Media Pitch,11,https://efile.fara.gov/docs/7553-Supplemental-Statement-20260630-2.pdf#page=11,"Supplemental Item 12 appendix, period ending 03/31/2026"
89,"Supplemental Item 12 appendix, period ending 03/31/2026",10/05/2025,"Government of Israel, Ministry of Tourism (LAPAM) (through Havas Media Group USA LLC)",CNN,Email,TV Booking,11,https://efile.fara.gov/docs/7553-Supplemental-Statement-20260630-2.pdf#page=11,"Supplemental Item 12 appendix, period ending 03/31/2026"
90,"Supplemental Item 12 appendix, period ending 03/31/2026",10/05/2025,"Government of Israel, Ministry of Tourism (LAPAM) (through Havas Media Group USA LLC)",Newsmax,Email,TV Booking,11,https://efile.fara.gov/docs/7553-Supplemental-Statement-20260630-2.pdf#page=11,"Supplemental Item 12 appendix, period ending 03/31/2026"
91,"Supplemental Item 12 appendix, period ending 03/31/2026",10/06/2025,"Government of Israel, Ministry of Tourism (LAPAM) (through Havas Media Group USA LLC)",NewsNation,Email,TV Booking,11,https://efile.fara.gov/docs/7553-Supplemental-Statement-20260630-2.pdf#page=11,"Supplemental Item 12 appendix, period ending 03/31/2026"
92,"Supplemental Item 12 appendix, period ending 03/31/2026",10/06/2025,"Government of Israel, Ministry of Tourism (LAPAM) (through Havas Media Group USA LLC)",CNN,Email,TV Booking,11,https://efile.fara.gov/docs/7553-Supplemental-Statement-20260630-2.pdf#page=11,"Supplemental Item 12 appendix, period ending 03/31/2026"
93,"Supplemental Item 12 appendix, period ending 03/31/2026",10/06/2025,"Government of Israel, Ministry of Tourism (LAPAM) (through Havas Media Group USA LLC)",CNN,Email,TV Booking,11,https://efile.fara.gov/docs/7553-Supplemental-Statement-20260630-2.pdf#page=11,"Supplemental Item 12 appendix, period ending 03/31/2026"
94,"Supplemental Item 12 appendix, period ending 03/31/2026",10/06/2025,"Government of Israel, Ministry of Tourism (LAPAM) (through Havas Media Group USA LLC)",CNN,Email,TV Booking,11,https://efile.fara.gov/docs/7553-Supplemental-Statement-20260630-2.pdf#page=11,"Supplemental Item 12 appendix, period ending 03/31/2026"
95,"Supplemental Item 12 appendix, period ending 03/31/2026",10/06/2025,"Government of Israel, Ministry of Tourism (LAPAM) (through Havas Media Group USA LLC)",CNN,Email,TV Booking,11,https://efile.fara.gov/docs/7553-Supplemental-Statement-20260630-2.pdf#page=11,"Supplemental Item 12 appendix, period ending 03/31/2026"
96,"Supplemental Item 12 appendix, period ending 03/31/2026",10/07/2025,"Government of Israel, Ministry of Tourism (LAPAM) (through Havas Media Group USA LLC)",BBC,Text,TV Booking,11,https://efile.fara.gov/docs/7553-Supplemental-Statement-20260630-2.pdf#page=11,"Supplemental Item 12 appendix, period ending 03/31/2026"
97,"Supplemental Item 12 appendix, period ending 03/31/2026",10/07/2025,"Government of Israel, Ministry of Tourism (LAPAM) (through Havas Media Group USA LLC)",NewsNation,Email,TV Booking,11,https://efile.fara.gov/docs/7553-Supplemental-Statement-20260630-2.pdf#page=11,"Supplemental Item 12 appendix, period ending 03/31/2026"
98,"Supplemental Item 12 appendix, period ending 03/31/2026",10/07/2025,"Government of Israel, Ministry of Tourism (LAPAM) (through Havas Media Group USA LLC)",Fox News,Email,TV Booking,11,https://efile.fara.gov/docs/7553-Supplemental-Statement-20260630-2.pdf#page=11,"Supplemental Item 12 appendix, period ending 03/31/2026"
99,"Supplemental Item 12 appendix, period ending 03/31/2026",10/07/2025,"Government of Israel, Ministry of Tourism (LAPAM) (through Havas Media Group USA LLC)",Fox News,Email,TV Booking,11,https://efile.fara.gov/docs/7553-Supplemental-Statement-20260630-2.pdf#page=11,"Supplemental Item 12 appendix, period ending 03/31/2026"
100,"Supplemental Item 12 appendix, period ending 03/31/2026",10/07/2025,"Government of Israel, Ministry of Tourism (LAPAM) (through Havas Media Group USA LLC)",Fox News,Email,TV Booking,11,https://efile.fara.gov/docs/7553-Supplemental-Statement-20260630-2.pdf#page=11,"Supplemental Item 12 appendix, period ending 03/31/2026"
101,"Supplemental Item 12 appendix, period ending 03/31/2026",10/07/2025,"Government of Israel, Ministry of Tourism (LAPAM) (through Havas Media Group USA LLC)",BBC,Text,TV Booking,12,https://efile.fara.gov/docs/7553-Supplemental-Statement-20260630-2.pdf#page=12,"Supplemental Item 12 appendix, period ending 03/31/2026"
102,"Supplemental Item 12 appendix, period ending 03/31/2026",10/08/2025,"Government of Israel, Ministry of Tourism (LAPAM) (through Havas Media Group USA LLC)",CNN,Text,TV Booking,12,https://efile.fara.gov/docs/7553-Supplemental-Statement-20260630-2.pdf#page=12,"Supplemental Item 12 appendix, period ending 03/31/2026"
103,"Supplemental Item 12 appendix, period ending 03/31/2026",10/08/2025,"Government of Israel, Ministry of Tourism (LAPAM) (through Havas Media Group USA LLC)",CNN,Text,TV Booking,12,https://efile.fara.gov/docs/7553-Supplemental-Statement-20260630-2.pdf#page=12,"Supplemental Item 12 appendix, period ending 03/31/2026"
104,"Supplemental Item 12 appendix, period ending 03/31/2026",10/08/2025,"Government of Israel, Ministry of Tourism (LAPAM) (through Havas Media Group USA LLC)",NBC,Text,TV Booking,12,https://efile.fara.gov/docs/7553-Supplemental-Statement-20260630-2.pdf#page=12,"Supplemental Item 12 appendix, period ending 03/31/2026"
105,"Supplemental Item 12 appendix, period ending 03/31/2026",10/08/2025,"Government of Israel, Ministry of Tourism (LAPAM) (through Havas Media Group USA LLC)",NewsNation,Email,TV Booking,12,https://efile.fara.gov/docs/7553-Supplemental-Statement-20260630-2.pdf#page=12,"Supplemental Item 12 appendix, period ending 03/31/2026"
106,"Supplemental Item 12 appendix, period ending 03/31/2026",10/08/2025,"Government of Israel, Ministry of Tourism (LAPAM) (through Havas Media Group USA LLC)",BBC,Text,TV Booking,12,https://efile.fara.gov/docs/7553-Supplemental-Statement-20260630-2.pdf#page=12,"Supplemental Item 12 appendix, period ending 03/31/2026"
107,"Supplemental Item 12 appendix, period ending 03/31/2026",10/08/2025,"Government of Israel, Ministry of Tourism (LAPAM) (through Havas Media Group USA LLC)",Fox News,Text,TV Booking,12,https://efile.fara.gov/docs/7553-Supplemental-Statement-20260630-2.pdf#page=12,"Supplemental Item 12 appendix, period ending 03/31/2026"
108,"Supplemental Item 12 appendix, period ending 03/31/2026",10/08/2025,"Government of Israel, Ministry of Tourism (LAPAM) (through Havas Media Group USA LLC)",NewsNation,Email,TV Booking,12,https://efile.fara.gov/docs/7553-Supplemental-Statement-20260630-2.pdf#page=12,"Supplemental Item 12 appendix, period ending 03/31/2026"
109,"Supplemental Item 12 appendix, period ending 03/31/2026",10/09/2025,"Government of Israel, Ministry of Tourism (LAPAM) (through Havas Media Group USA LLC)",Fox News,Text,TV Booking,12,https://efile.fara.gov/docs/7553-Supplemental-Statement-20260630-2.pdf#page=12,"Supplemental Item 12 appendix, period ending 03/31/2026"
110,"Supplemental Item 12 appendix, period ending 03/31/2026",10/09/2025,"Government of Israel, Ministry of Tourism (LAPAM) (through Havas Media Group USA LLC)",Fox News,Text,TV Booking,12,https://efile.fara.gov/docs/7553-Supplemental-Statement-20260630-2.pdf#page=12,"Supplemental Item 12 appendix, period ending 03/31/2026"
111,"Supplemental Item 12 appendix, period ending 03/31/2026",10/09/2025,"Government of Israel, Ministry of Tourism (LAPAM) (through Havas Media Group USA LLC)",ABC News,Text,TV Booking,12,https://efile.fara.gov/docs/7553-Supplemental-Statement-20260630-2.pdf#page=12,"Supplemental Item 12 appendix, period ending 03/31/2026"
112,"Supplemental Item 12 appendix, period ending 03/31/2026",10/09/2025,"Government of Israel, Ministry of Tourism (LAPAM) (through Havas Media Group USA LLC)",CNN,Text,TV Booking,12,https://efile.fara.gov/docs/7553-Supplemental-Statement-20260630-2.pdf#page=12,"Supplemental Item 12 appendix, period ending 03/31/2026"
113,"Supplemental Item 12 appendix, period ending 03/31/2026",10/09/2025,"Government of Israel, Ministry of Tourism (LAPAM) (through Havas Media Group USA LLC)",Newsmax,Text,TV Booking,12,https://efile.fara.gov/docs/7553-Supplemental-Statement-20260630-2.pdf#page=12,"Supplemental Item 12 appendix, period ending 03/31/2026"
114,"Supplemental Item 12 appendix, period ending 03/31/2026",10/09/2025,"Government of Israel, Ministry of Tourism (LAPAM) (through Havas Media Group USA LLC)",BBC,Text,TV Booking,12,https://efile.fara.gov/docs/7553-Supplemental-Statement-20260630-2.pdf#page=12,"Supplemental Item 12 appendix, period ending 03/31/2026"
115,"Supplemental Item 12 appendix, period ending 03/31/2026",10/09/2025,"Government of Israel, Ministry of Tourism (LAPAM) (through Havas Media Group USA LLC)",NBC News,Text,TV Booking,12,https://efile.fara.gov/docs/7553-Supplemental-Statement-20260630-2.pdf#page=12,"Supplemental Item 12 appendix, period ending 03/31/2026"
116,"Supplemental Item 12 appendix, period ending 03/31/2026",10/09/2025,"Government of Israel, Ministry of Tourism (LAPAM) (through Havas Media Group USA LLC)",CBS News,"Text, phone",TV Booking,12,https://efile.fara.gov/docs/7553-Supplemental-Statement-20260630-2.pdf#page=12,"Supplemental Item 12 appendix, period ending 03/31/2026"
117,"Supplemental Item 12 appendix, period ending 03/31/2026",10/09/2025,"Government of Israel, Ministry of Tourism (LAPAM) (through Havas Media Group USA LLC)",Bloomberg,Email,TV Booking,12,https://efile.fara.gov/docs/7553-Supplemental-Statement-20260630-2.pdf#page=12,"Supplemental Item 12 appendix, period ending 03/31/2026"
118,"Supplemental Item 12 appendix, period ending 03/31/2026",10/10/2025,"Government of Israel, Ministry of Tourism (LAPAM) (through Havas Media Group USA LLC)",NewsNation,Email,TV Booking,12,https://efile.fara.gov/docs/7553-Supplemental-Statement-20260630-2.pdf#page=12,"Supplemental Item 12 appendix, period ending 03/31/2026"
119,"Supplemental Item 12 appendix, period ending 03/31/2026",10/10/2025,"Government of Israel, Ministry of Tourism (LAPAM) (through Havas Media Group USA LLC)",NewsNation,Email,TV Booking,12,https://efile.fara.gov/docs/7553-Supplemental-Statement-20260630-2.pdf#page=12,"Supplemental Item 12 appendix, period ending 03/31/2026"
120,"Supplemental Item 12 appendix, period ending 03/31/2026",10/10/2025,"Government of Israel, Ministry of Tourism (LAPAM) (through Havas Media Group USA LLC)",CNN,Text,TV Booking,13,https://efile.fara.gov/docs/7553-Supplemental-Statement-20260630-2.pdf#page=13,"Supplemental Item 12 appendix, period ending 03/31/2026"
121,"Supplemental Item 12 appendix, period ending 03/31/2026",10/10/2025,"Government of Israel, Ministry of Tourism (LAPAM) (through Havas Media Group USA LLC)",CNN,"Email, text",TV Booking,13,https://efile.fara.gov/docs/7553-Supplemental-Statement-20260630-2.pdf#page=13,"Supplemental Item 12 appendix, period ending 03/31/2026"
122,"Supplemental Item 12 appendix, period ending 03/31/2026",10/12/2025,"Government of Israel, Ministry of Tourism (LAPAM) (through Havas Media Group USA LLC)",ABC News,Email,TV Booking,13,https://efile.fara.gov/docs/7553-Supplemental-Statement-20260630-2.pdf#page=13,"Supplemental Item 12 appendix, period ending 03/31/2026"
123,"Supplemental Item 12 appendix, period ending 03/31/2026",10/13/2025,"Government of Israel, Ministry of Tourism (LAPAM) (through Havas Media Group USA LLC)",CNN,Text,TV Booking,13,https://efile.fara.gov/docs/7553-Supplemental-Statement-20260630-2.pdf#page=13,"Supplemental Item 12 appendix, period ending 03/31/2026"
124,"Supplemental Item 12 appendix, period ending 03/31/2026",10/13/2025,"Government of Israel, Ministry of Tourism (LAPAM) (through Havas Media Group USA LLC)",NewsNation,"Text, email",TV Booking,13,https://efile.fara.gov/docs/7553-Supplemental-Statement-20260630-2.pdf#page=13,"Supplemental Item 12 appendix, period ending 03/31/2026"
125,"Supplemental Item 12 appendix, period ending 03/31/2026",10/13/2025,"Government of Israel, Ministry of Tourism (LAPAM) (through Havas Media Group USA LLC)",Fox News,Email,TV Booking,13,https://efile.fara.gov/docs/7553-Supplemental-Statement-20260630-2.pdf#page=13,"Supplemental Item 12 appendix, period ending 03/31/2026"
126,"Supplemental Item 12 appendix, period ending 03/31/2026",10/14/2025,"Government of Israel, Ministry of Tourism (LAPAM) (through Havas Media Group USA LLC)",SCNG,"Text, phone",Media Pitch/TV Booking,13,https://efile.fara.gov/docs/7553-Supplemental-Statement-20260630-2.pdf#page=13,"Supplemental Item 12 appendix, period ending 03/31/2026"
127,"Supplemental Item 12 appendix, period ending 03/31/2026",10/14/2025,"Government of Israel, Ministry of Tourism (LAPAM) (through Havas Media Group USA LLC)",Spectrum,Text,Media Pitch/TV Booking,13,https://efile.fara.gov/docs/7553-Supplemental-Statement-20260630-2.pdf#page=13,"Supplemental Item 12 appendix, period ending 03/31/2026"
128,"Supplemental Item 12 appendix, period ending 03/31/2026",10/14/2025,"Government of Israel, Ministry of Tourism (LAPAM) (through Havas Media Group USA LLC)",Fox News,Text,TV Booking,13,https://efile.fara.gov/docs/7553-Supplemental-Statement-20260630-2.pdf#page=13,"Supplemental Item 12 appendix, period ending 03/31/2026"
129,"Supplemental Item 12 appendix, period ending 03/31/2026",10/14/2025,"Government of Israel, Ministry of Tourism (LAPAM) (through Havas Media Group USA LLC)",Fox News,Email,TV Booking,13,https://efile.fara.gov/docs/7553-Supplemental-Statement-20260630-2.pdf#page=13,"Supplemental Item 12 appendix, period ending 03/31/2026"
130,"Supplemental Item 12 appendix, period ending 03/31/2026",10/14/2025,"Government of Israel, Ministry of Tourism (LAPAM) (through Havas Media Group USA LLC)",NewsNation,Text,TV Booking,13,https://efile.fara.gov/docs/7553-Supplemental-Statement-20260630-2.pdf#page=13,"Supplemental Item 12 appendix, period ending 03/31/2026"
131,"Supplemental Item 12 appendix, period ending 03/31/2026",10/14/2025,"Government of Israel, Ministry of Tourism (LAPAM) (through Havas Media Group USA LLC)",Fox News,"Text, email",TV Booking,13,https://efile.fara.gov/docs/7553-Supplemental-Statement-20260630-2.pdf#page=13,"Supplemental Item 12 appendix, period ending 03/31/2026"
132,"Supplemental Item 12 appendix, period ending 03/31/2026",10/15/2025,"Government of Israel, Ministry of Tourism (LAPAM) (through Havas Media Group USA LLC)",KABC,"Email, phone",Media Pitch,13,https://efile.fara.gov/docs/7553-Supplemental-Statement-20260630-2.pdf#page=13,"Supplemental Item 12 appendix, period ending 03/31/2026"
133,"Supplemental Item 12 appendix, period ending 03/31/2026",10/15/2025,"Government of Israel, Ministry of Tourism (LAPAM) (through Havas Media Group USA LLC)",KABC,"Email, phone",Media Pitch,13,https://efile.fara.gov/docs/7553-Supplemental-Statement-20260630-2.pdf#page=13,"Supplemental Item 12 appendix, period ending 03/31/2026"
134,"Supplemental Item 12 appendix, period ending 03/31/2026",10/15/2025,"Government of Israel, Ministry of Tourism (LAPAM) (through Havas Media Group USA LLC)",Spectrum,Text,Media Pitch/TV Booking,13,https://efile.fara.gov/docs/7553-Supplemental-Statement-20260630-2.pdf#page=13,"Supplemental Item 12 appendix, period ending 03/31/2026"
135,"Supplemental Item 12 appendix, period ending 03/31/2026",10/15/2025,"Government of Israel, Ministry of Tourism (LAPAM) (through Havas Media Group USA LLC)",Fox News,Email,Media Pitch,13,https://efile.fara.gov/docs/7553-Supplemental-Statement-20260630-2.pdf#page=13,"Supplemental Item 12 appendix, period ending 03/31/2026"
136,"Supplemental Item 12 appendix, period ending 03/31/2026",10/15/2025,"Government of Israel, Ministry of Tourism (LAPAM) (through Havas Media Group USA LLC)",Real Clear Politics,Email,Media Pitch,13,https://efile.fara.gov/docs/7553-Supplemental-Statement-20260630-2.pdf#page=13,"Supplemental Item 12 appendix, period ending 03/31/2026"
137,"Supplemental Item 12 appendix, period ending 03/31/2026",10/15/2025,"Government of Israel, Ministry of Tourism (LAPAM) (through Havas Media Group USA LLC)",Spectrum,Email,Media Pitch,13,https://efile.fara.gov/docs/7553-Supplemental-Statement-20260630-2.pdf#page=13,"Supplemental Item 12 appendix, period ending 03/31/2026"
138,"Supplemental Item 12 appendix, period ending 03/31/2026",10/15/2025,"Government of Israel, Ministry of Tourism (LAPAM) (through Havas Media Group USA LLC)",LA Daily News,Email,Media Pitch,13,https://efile.fara.gov/docs/7553-Supplemental-Statement-20260630-2.pdf#page=13,"Supplemental Item 12 appendix, period ending 03/31/2026"
139,"Supplemental Item 12 appendix, period ending 03/31/2026",10/15/2025,"Government of Israel, Ministry of Tourism (LAPAM) (through Havas Media Group USA LLC)",LA Times,Email,Media Pitch,14,https://efile.fara.gov/docs/7553-Supplemental-Statement-20260630-2.pdf#page=14,"Supplemental Item 12 appendix, period ending 03/31/2026"
140,"Supplemental Item 12 appendix, period ending 03/31/2026",10/15/2025,"Government of Israel, Ministry of Tourism (LAPAM) (through Havas Media Group USA LLC)",KCBS,Email,Media Pitch,14,https://efile.fara.gov/docs/7553-Supplemental-Statement-20260630-2.pdf#page=14,"Supplemental Item 12 appendix, period ending 03/31/2026"
141,"Supplemental Item 12 appendix, period ending 03/31/2026",10/15/2025,"Government of Israel, Ministry of Tourism (LAPAM) (through Havas Media Group USA LLC)",Fox 11,"Email, phone",Media Pitch,14,https://efile.fara.gov/docs/7553-Supplemental-Statement-20260630-2.pdf#page=14,"Supplemental Item 12 appendix, period ending 03/31/2026"
142,"Supplemental Item 12 appendix, period ending 03/31/2026",10/15/2025,"Government of Israel, Ministry of Tourism (LAPAM) (through Havas Media Group USA LLC)",KTLA,"Email, phone",Media Pitch,14,https://efile.fara.gov/docs/7553-Supplemental-Statement-20260630-2.pdf#page=14,"Supplemental Item 12 appendix, period ending 03/31/2026"
143,"Supplemental Item 12 appendix, period ending 03/31/2026",10/15/2025,"Government of Israel, Ministry of Tourism (LAPAM) (through Havas Media Group USA LLC)",KNBC,"Email, phone",Media Pitch,14,https://efile.fara.gov/docs/7553-Supplemental-Statement-20260630-2.pdf#page=14,"Supplemental Item 12 appendix, period ending 03/31/2026"
144,"Supplemental Item 12 appendix, period ending 03/31/2026",10/16/2025,"Government of Israel, Ministry of Tourism (LAPAM) (through Havas Media Group USA LLC)",Newsmax,Email,TV Booking,14,https://efile.fara.gov/docs/7553-Supplemental-Statement-20260630-2.pdf#page=14,"Supplemental Item 12 appendix, period ending 03/31/2026"
145,"Supplemental Item 12 appendix, period ending 03/31/2026",10/16/2025,"Government of Israel, Ministry of Tourism (LAPAM) (through Havas Media Group USA LLC)",KNBC,phone,Media Pitch,14,https://efile.fara.gov/docs/7553-Supplemental-Statement-20260630-2.pdf#page=14,"Supplemental Item 12 appendix, period ending 03/31/2026"
146,"Supplemental Item 12 appendix, period ending 03/31/2026",10/16/2025,"Government of Israel, Ministry of Tourism (LAPAM) (through Havas Media Group USA LLC)",KCBS,phone,Media Pitch,14,https://efile.fara.gov/docs/7553-Supplemental-Statement-20260630-2.pdf#page=14,"Supplemental Item 12 appendix, period ending 03/31/2026"
147,"Supplemental Item 12 appendix, period ending 03/31/2026",10/16/2025,"Government of Israel, Ministry of Tourism (LAPAM) (through Havas Media Group USA LLC)",KTLA,phone,Media Pitch,14,https://efile.fara.gov/docs/7553-Supplemental-Statement-20260630-2.pdf#page=14,"Supplemental Item 12 appendix, period ending 03/31/2026"
148,"Supplemental Item 12 appendix, period ending 03/31/2026",10/16/2025,"Government of Israel, Ministry of Tourism (LAPAM) (through Havas Media Group USA LLC)",Fox 11,phone,Media Pitch,14,https://efile.fara.gov/docs/7553-Supplemental-Statement-20260630-2.pdf#page=14,"Supplemental Item 12 appendix, period ending 03/31/2026"
149,"Supplemental Item 12 appendix, period ending 03/31/2026",10/16/2025,"Government of Israel, Ministry of Tourism (LAPAM) (through Havas Media Group USA LLC)",KABC,"Email, phone",Media Pitch,14,https://efile.fara.gov/docs/7553-Supplemental-Statement-20260630-2.pdf#page=14,"Supplemental Item 12 appendix, period ending 03/31/2026"
150,"Supplemental Item 12 appendix, period ending 03/31/2026",10/20/2025,"Government of Israel, Ministry of Tourism (LAPAM) (through Havas Media Group USA LLC)",Fox Business,Text,TV Booking,14,https://efile.fara.gov/docs/7553-Supplemental-Statement-20260630-2.pdf#page=14,"Supplemental Item 12 appendix, period ending 03/31/2026"
151,"Supplemental Item 12 appendix, period ending 03/31/2026",10/20/2025,"Government of Israel, Ministry of Tourism (LAPAM) (through Havas Media Group USA LLC)",Fox News,"Text, email",TV Booking,14,https://efile.fara.gov/docs/7553-Supplemental-Statement-20260630-2.pdf#page=14,"Supplemental Item 12 appendix, period ending 03/31/2026"
152,"Supplemental Item 12 appendix, period ending 03/31/2026",10/21/2025,"Government of Israel, Ministry of Tourism (LAPAM) (through Havas Media Group USA LLC)",Fox News,"Text, phone",TV Booking,14,https://efile.fara.gov/docs/7553-Supplemental-Statement-20260630-2.pdf#page=14,"Supplemental Item 12 appendix, period ending 03/31/2026"
153,"Supplemental Item 12 appendix, period ending 03/31/2026",10/24/2025,"Government of Israel, Ministry of Tourism (LAPAM) (through Havas Media Group USA LLC)",Daily Wire,"Text, phone",Media Pitch,14,https://efile.fara.gov/docs/7553-Supplemental-Statement-20260630-2.pdf#page=14,"Supplemental Item 12 appendix, period ending 03/31/2026"
154,"Supplemental Item 12 appendix, period ending 03/31/2026",10/24/2025,"Government of Israel, Ministry of Tourism (LAPAM) (through Havas Media Group USA LLC)",Fox News,Text,TV Booking,14,https://efile.fara.gov/docs/7553-Supplemental-Statement-20260630-2.pdf#page=14,"Supplemental Item 12 appendix, period ending 03/31/2026"
155,"Supplemental Item 12 appendix, period ending 03/31/2026",10/24/2025,"Government of Israel, Ministry of Tourism (LAPAM) (through Havas Media Group USA LLC)",Fox News,"Phone, text",Media Pitch,14,https://efile.fara.gov/docs/7553-Supplemental-Statement-20260630-2.pdf#page=14,"Supplemental Item 12 appendix, period ending 03/31/2026"
156,"Supplemental Item 12 appendix, period ending 03/31/2026",10/24/2025,"Government of Israel, Ministry of Tourism (LAPAM) (through Havas Media Group USA LLC)",NY Post,Email,PR Management,14,https://efile.fara.gov/docs/7553-Supplemental-Statement-20260630-2.pdf#page=14,"Supplemental Item 12 appendix, period ending 03/31/2026"
157,"Supplemental Item 12 appendix, period ending 03/31/2026",10/27/2025,"Government of Israel, Ministry of Tourism (LAPAM) (through Havas Media Group USA LLC)",Daily Wire,Text,Media Pitch,14,https://efile.fara.gov/docs/7553-Supplemental-Statement-20260630-2.pdf#page=14,"Supplemental Item 12 appendix, period ending 03/31/2026"
158,"Supplemental Item 12 appendix, period ending 03/31/2026",10/30/2025,"Government of Israel, Ministry of Tourism (LAPAM) (through Havas Media Group USA LLC)",FOX4 KC,Email,PR Management,15,https://efile.fara.gov/docs/7553-Supplemental-Statement-20260630-2.pdf#page=15,"Supplemental Item 12 appendix, period ending 03/31/2026"
159,"Supplemental Item 12 appendix, period ending 03/31/2026",10/30/2025,"Government of Israel, Ministry of Tourism (LAPAM) (through Havas Media Group USA LLC)",LJ World,Email,PR Management,15,https://efile.fara.gov/docs/7553-Supplemental-Statement-20260630-2.pdf#page=15,"Supplemental Item 12 appendix, period ending 03/31/2026"
160,"Supplemental Item 12 appendix, period ending 03/31/2026",10/30/2025,"Government of Israel, Ministry of Tourism (LAPAM) (through Havas Media Group USA LLC)",KC TV5,Email,PR Management,15,https://efile.fara.gov/docs/7553-Supplemental-Statement-20260630-2.pdf#page=15,"Supplemental Item 12 appendix, period ending 03/31/2026"
161,"Supplemental Item 12 appendix, period ending 03/31/2026",10/30/2025,"Government of Israel, Ministry of Tourism (LAPAM) (through Havas Media Group USA LLC)",SBG TV,Email,PR Management,15,https://efile.fara.gov/docs/7553-Supplemental-Statement-20260630-2.pdf#page=15,"Supplemental Item 12 appendix, period ending 03/31/2026"
162,"Supplemental Item 12 appendix, period ending 03/31/2026",11/02/2025,"Government of Israel, Ministry of Tourism (LAPAM) (through Havas Media Group USA LLC)",Newsmax,Text,TV Booking,15,https://efile.fara.gov/docs/7553-Supplemental-Statement-20260630-2.pdf#page=15,"Supplemental Item 12 appendix, period ending 03/31/2026"
163,"Supplemental Item 12 appendix, period ending 03/31/2026",11/03/2025,"Government of Israel, Ministry of Tourism (LAPAM) (through Havas Media Group USA LLC)",Newsmax,Text,TV Booking,15,https://efile.fara.gov/docs/7553-Supplemental-Statement-20260630-2.pdf#page=15,"Supplemental Item 12 appendix, period ending 03/31/2026"
164,"Supplemental Item 12 appendix, period ending 03/31/2026",11/13/2025,"Government of Israel, Ministry of Tourism (LAPAM) (through Havas Media Group USA LLC)",California Post,In person,Meeting,15,https://efile.fara.gov/docs/7553-Supplemental-Statement-20260630-2.pdf#page=15,"Supplemental Item 12 appendix, period ending 03/31/2026"
165,"Supplemental Item 12 appendix, period ending 03/31/2026",11/13/2025,"Government of Israel, Ministry of Tourism (LAPAM) (through Havas Media Group USA LLC)",Houston DMA,Email,PR Management,15,https://efile.fara.gov/docs/7553-Supplemental-Statement-20260630-2.pdf#page=15,"Supplemental Item 12 appendix, period ending 03/31/2026"
166,"Supplemental Item 12 appendix, period ending 03/31/2026",11/14/2025,"Government of Israel, Ministry of Tourism (LAPAM) (through Havas Media Group USA LLC)",California Post,Text,Meeting Pitch,15,https://efile.fara.gov/docs/7553-Supplemental-Statement-20260630-2.pdf#page=15,"Supplemental Item 12 appendix, period ending 03/31/2026"
167,"Supplemental Item 12 appendix, period ending 03/31/2026",11/15/2025,"Government of Israel, Ministry of Tourism (LAPAM) (through Havas Media Group USA LLC)",California Post,Text,Meeting Pitch,15,https://efile.fara.gov/docs/7553-Supplemental-Statement-20260630-2.pdf#page=15,"Supplemental Item 12 appendix, period ending 03/31/2026"
168,"Supplemental Item 12 appendix, period ending 03/31/2026",11/17/2025,"Government of Israel, Ministry of Tourism (LAPAM) (through Havas Media Group USA LLC)",KLAS,Email,TV Booking,15,https://efile.fara.gov/docs/7553-Supplemental-Statement-20260630-2.pdf#page=15,"Supplemental Item 12 appendix, period ending 03/31/2026"
169,"Supplemental Item 12 appendix, period ending 03/31/2026",11/17/2025,"Government of Israel, Ministry of Tourism (LAPAM) (through Havas Media Group USA LLC)",Las Vegas DMA,Email,PR Management,15,https://efile.fara.gov/docs/7553-Supplemental-Statement-20260630-2.pdf#page=15,"Supplemental Item 12 appendix, period ending 03/31/2026"
170,"Supplemental Item 12 appendix, period ending 03/31/2026",11/17/2025,"Government of Israel, Ministry of Tourism (LAPAM) (through Havas Media Group USA LLC)",California Post,Text,Meeting Pitch,15,https://efile.fara.gov/docs/7553-Supplemental-Statement-20260630-2.pdf#page=15,"Supplemental Item 12 appendix, period ending 03/31/2026"
171,"Supplemental Item 12 appendix, period ending 03/31/2026",11/20/2025,"Government of Israel, Ministry of Tourism (LAPAM) (through Havas Media Group USA LLC)",Newsmax,Text,TV Booking,15,https://efile.fara.gov/docs/7553-Supplemental-Statement-20260630-2.pdf#page=15,"Supplemental Item 12 appendix, period ending 03/31/2026"
172,"Supplemental Item 12 appendix, period ending 03/31/2026",11/30/2025,"Government of Israel, Ministry of Tourism (LAPAM) (through Havas Media Group USA LLC)",Reno DMA,Email,PR Management,15,https://efile.fara.gov/docs/7553-Supplemental-Statement-20260630-2.pdf#page=15,"Supplemental Item 12 appendix, period ending 03/31/2026"
173,"Supplemental Item 12 appendix, period ending 03/31/2026",12/02/2025,"Government of Israel, Ministry of Tourism (LAPAM) (through Havas Media Group USA LLC)",California Post,Text,Meeting Pitch,15,https://efile.fara.gov/docs/7553-Supplemental-Statement-20260630-2.pdf#page=15,"Supplemental Item 12 appendix, period ending 03/31/2026"
174,"Supplemental Item 12 appendix, period ending 03/31/2026",12/04/2025,"Government of Israel, Ministry of Tourism (LAPAM) (through Havas Media Group USA LLC)",California Post,Text,Meeting Pitch,15,https://efile.fara.gov/docs/7553-Supplemental-Statement-20260630-2.pdf#page=15,"Supplemental Item 12 appendix, period ending 03/31/2026"
175,"Supplemental Item 12 appendix, period ending 03/31/2026",12/09/2025,"Government of Israel, Ministry of Tourism (LAPAM) (through Havas Media Group USA LLC)",Newsmax,Text,TV Booking,15,https://efile.fara.gov/docs/7553-Supplemental-Statement-20260630-2.pdf#page=15,"Supplemental Item 12 appendix, period ending 03/31/2026"
176,"Supplemental Item 12 appendix, period ending 03/31/2026",12/10/2025,"Government of Israel, Ministry of Tourism (LAPAM) (through Havas Media Group USA LLC)",ABC News,"Text, email",TV Booking,15,https://efile.fara.gov/docs/7553-Supplemental-Statement-20260630-2.pdf#page=15,"Supplemental Item 12 appendix, period ending 03/31/2026"
177,"Supplemental Item 12 appendix, period ending 03/31/2026",12/10/2025,"Government of Israel, Ministry of Tourism (LAPAM) (through Havas Media Group USA LLC)",NewsNation,Email,TV Booking,16,https://efile.fara.gov/docs/7553-Supplemental-Statement-20260630-2.pdf#page=16,"Supplemental Item 12 appendix, period ending 03/31/2026"
178,"Supplemental Item 12 appendix, period ending 03/31/2026",12/10/2025,"Government of Israel, Ministry of Tourism (LAPAM) (through Havas Media Group USA LLC)",NBC News,Email,TV Booking,16,https://efile.fara.gov/docs/7553-Supplemental-Statement-20260630-2.pdf#page=16,"Supplemental Item 12 appendix, period ending 03/31/2026"
179,"Supplemental Item 12 appendix, period ending 03/31/2026",12/10/2025,"Government of Israel, Ministry of Tourism (LAPAM) (through Havas Media Group USA LLC)",Bloomberg,Email,TV Booking,16,https://efile.fara.gov/docs/7553-Supplemental-Statement-20260630-2.pdf#page=16,"Supplemental Item 12 appendix, period ending 03/31/2026"
180,"Supplemental Item 12 appendix, period ending 03/31/2026",12/11/2025,"Government of Israel, Ministry of Tourism (LAPAM) (through Havas Media Group USA LLC)",Fox News,"Email, Text",Media Pitch,16,https://efile.fara.gov/docs/7553-Supplemental-Statement-20260630-2.pdf#page=16,"Supplemental Item 12 appendix, period ending 03/31/2026"
181,"Supplemental Item 12 appendix, period ending 03/31/2026",12/12/2025,"Government of Israel, Ministry of Tourism (LAPAM) (through Havas Media Group USA LLC)",Atlanta Journal- Constitution,Email,Meeting Logistics,16,https://efile.fara.gov/docs/7553-Supplemental-Statement-20260630-2.pdf#page=16,"Supplemental Item 12 appendix, period ending 03/31/2026"
182,"Supplemental Item 12 appendix, period ending 03/31/2026",12/12/2025,"Government of Israel, Ministry of Tourism (LAPAM) (through Havas Media Group USA LLC)",Boston DMA,Email,PR Management,16,https://efile.fara.gov/docs/7553-Supplemental-Statement-20260630-2.pdf#page=16,"Supplemental Item 12 appendix, period ending 03/31/2026"
183,"Supplemental Item 12 appendix, period ending 03/31/2026",12/14/2025,"Government of Israel, Ministry of Tourism (LAPAM) (through Havas Media Group USA LLC)",Fox News Radio,Email,TV Booking,16,https://efile.fara.gov/docs/7553-Supplemental-Statement-20260630-2.pdf#page=16,"Supplemental Item 12 appendix, period ending 03/31/2026"
184,"Supplemental Item 12 appendix, period ending 03/31/2026",12/14/2025,"Government of Israel, Ministry of Tourism (LAPAM) (through Havas Media Group USA LLC)",CNN,Text,TV Booking,16,https://efile.fara.gov/docs/7553-Supplemental-Statement-20260630-2.pdf#page=16,"Supplemental Item 12 appendix, period ending 03/31/2026"
185,"Supplemental Item 12 appendix, period ending 03/31/2026",12/14/2025,"Government of Israel, Ministry of Tourism (LAPAM) (through Havas Media Group USA LLC)",NewsNation,Email,TV Booking,16,https://efile.fara.gov/docs/7553-Supplemental-Statement-20260630-2.pdf#page=16,"Supplemental Item 12 appendix, period ending 03/31/2026"
186,"Supplemental Item 12 appendix, period ending 03/31/2026",12/14/2025,"Government of Israel, Ministry of Tourism (LAPAM) (through Havas Media Group USA LLC)",Fox News,Email,TV Booking,16,https://efile.fara.gov/docs/7553-Supplemental-Statement-20260630-2.pdf#page=16,"Supplemental Item 12 appendix, period ending 03/31/2026"
187,"Supplemental Item 12 appendix, period ending 03/31/2026",12/14/2025,"Government of Israel, Ministry of Tourism (LAPAM) (through Havas Media Group USA LLC)",Bloomberg,Email,TV Booking,16,https://efile.fara.gov/docs/7553-Supplemental-Statement-20260630-2.pdf#page=16,"Supplemental Item 12 appendix, period ending 03/31/2026"
188,"Supplemental Item 12 appendix, period ending 03/31/2026",12/14/2025,"Government of Israel, Ministry of Tourism (LAPAM) (through Havas Media Group USA LLC)",Newsmax,Email,TV Booking,16,https://efile.fara.gov/docs/7553-Supplemental-Statement-20260630-2.pdf#page=16,"Supplemental Item 12 appendix, period ending 03/31/2026"
189,"Supplemental Item 12 appendix, period ending 03/31/2026",12/15/2025,"Government of Israel, Ministry of Tourism (LAPAM) (through Havas Media Group USA LLC)",CNN,Text,TV Booking,16,https://efile.fara.gov/docs/7553-Supplemental-Statement-20260630-2.pdf#page=16,"Supplemental Item 12 appendix, period ending 03/31/2026"
190,"Supplemental Item 12 appendix, period ending 03/31/2026",12/15/2025,"Government of Israel, Ministry of Tourism (LAPAM) (through Havas Media Group USA LLC)",CNN,Text,TV Booking,16,https://efile.fara.gov/docs/7553-Supplemental-Statement-20260630-2.pdf#page=16,"Supplemental Item 12 appendix, period ending 03/31/2026"
191,"Supplemental Item 12 appendix, period ending 03/31/2026",12/15/2025,"Government of Israel, Ministry of Tourism (LAPAM) (through Havas Media Group USA LLC)",Fox News,Email,TV Booking,16,https://efile.fara.gov/docs/7553-Supplemental-Statement-20260630-2.pdf#page=16,"Supplemental Item 12 appendix, period ending 03/31/2026"
192,"Supplemental Item 12 appendix, period ending 03/31/2026",12/15/2025,"Government of Israel, Ministry of Tourism (LAPAM) (through Havas Media Group USA LLC)",Fox News Radio,Email,TV Booking,16,https://efile.fara.gov/docs/7553-Supplemental-Statement-20260630-2.pdf#page=16,"Supplemental Item 12 appendix, period ending 03/31/2026"
193,"Supplemental Item 12 appendix, period ending 03/31/2026",12/15/2025,"Government of Israel, Ministry of Tourism (LAPAM) (through Havas Media Group USA LLC)",Fox News,Email,TV Booking (12/15 - 12/18),16,https://efile.fara.gov/docs/7553-Supplemental-Statement-20260630-2.pdf#page=16,"Supplemental Item 12 appendix, period ending 03/31/2026"
194,"Supplemental Item 12 appendix, period ending 03/31/2026",12/16/2025,"Government of Israel, Ministry of Tourism (LAPAM) (through Havas Media Group USA LLC)",Seattle DMA,Email,PR Management,16,https://efile.fara.gov/docs/7553-Supplemental-Statement-20260630-2.pdf#page=16,"Supplemental Item 12 appendix, period ending 03/31/2026"
195,"Supplemental Item 12 appendix, period ending 03/31/2026",12/17/2025,"Government of Israel, Ministry of Tourism (LAPAM) (through Havas Media Group USA LLC)",Fox News Radio,Email,TV Booking,16,https://efile.fara.gov/docs/7553-Supplemental-Statement-20260630-2.pdf#page=16,"Supplemental Item 12 appendix, period ending 03/31/2026"
196,"Supplemental Item 12 appendix, period ending 03/31/2026",12/18/2025,"Government of Israel, Ministry of Tourism (LAPAM) (through Havas Media Group USA LLC)",Houston DMA,Email,PR Management,17,https://efile.fara.gov/docs/7553-Supplemental-Statement-20260630-2.pdf#page=17,"Supplemental Item 12 appendix, period ending 03/31/2026"
197,"Supplemental Item 12 appendix, period ending 03/31/2026",12/18/2025,"Government of Israel, Ministry of Tourism (LAPAM) (through Havas Media Group USA LLC)",Houston DMA,Email,PR Management,17,https://efile.fara.gov/docs/7553-Supplemental-Statement-20260630-2.pdf#page=17,"Supplemental Item 12 appendix, period ending 03/31/2026"
198,"Supplemental Item 12 appendix, period ending 03/31/2026",12/18/2025,"Government of Israel, Ministry of Tourism (LAPAM) (through Havas Media Group USA LLC)",Fox News Radio,Email,TV Booking,17,https://efile.fara.gov/docs/7553-Supplemental-Statement-20260630-2.pdf#page=17,"Supplemental Item 12 appendix, period ending 03/31/2026"
199,"Supplemental Item 12 appendix, period ending 03/31/2026",01/07/2026,"Government of Israel, Ministry of Tourism (LAPAM) (through Havas Media Group USA LLC)",LA DMA,Email,PR Management,17,https://efile.fara.gov/docs/7553-Supplemental-Statement-20260630-2.pdf#page=17,"Supplemental Item 12 appendix, period ending 03/31/2026"
200,"Supplemental Item 12 appendix, period ending 03/31/2026",01/07/2026,"Government of Israel, Ministry of Tourism (LAPAM) (through Havas Media Group USA LLC)",California Post,Text,Media Pitch,17,https://efile.fara.gov/docs/7553-Supplemental-Statement-20260630-2.pdf#page=17,"Supplemental Item 12 appendix, period ending 03/31/2026"
201,"Supplemental Item 12 appendix, period ending 03/31/2026",01/08/2026,"Government of Israel, Ministry of Tourism (LAPAM) (through Havas Media Group USA LLC)",Southern California News Group,Email,PR Management,17,https://efile.fara.gov/docs/7553-Supplemental-Statement-20260630-2.pdf#page=17,"Supplemental Item 12 appendix, period ending 03/31/2026"
